0333,	-0.01,	0.02,	-0.09,	295.00,	-0.06,	87.12,	2690023
0333,	-0.02,	0.04,	0.02,	295.00,	-0.06,	87.12,	2690041
0333,	-0.01,	0.05,	0.00,	295.00,	-0.06,	87.12,	2690057
0333,	-0.01,	0.02,	-0.09,	295.00,	-0.06,	87.12,	2690073
0333,	-0.03,	0.03,	0.00,	295.00,	-0.06,	87.12,	2690092
0333,	0.00,	0.04,	0.06,	295.00,	-0.06,	87.12,	2690107
0333,	-0.01,	0.05,	-0.09,	295.00,	-0.06,	87.12,	2690123
0333,	0.00,	0.04,	0.01,	295.00,	-0.06,	87.12,	2690142
0333,	-0.02,	0.08,	-0.02,	295.00,	-0.06,	87.12,	2690157
0333,	0.00,	0.03,	-0.11,	295.00,	-0.06,	87.12,	2690173
0333,	-0.01,	0.04,	0.00,	295.00,	-0.06,	87.12,	2690192
0333,	-0.01,	0.06,	0.00,	295.00,	-0.06,	87.12,	2690207
0333,	-0.01,	0.04,	-0.10,	295.00,	-0.06,	87.12,	2690224
0333,	0.00,	0.04,	-0.01,	295.00,	-0.06,	87.12,	2690241
0333,	-0.02,	0.04,	-0.04,	295.00,	-0.06,	87.12,	2690257
0333,	-0.01,	0.05,	-0.07,	295.00,	-0.06,	87.12,	2690274
0333,	0.00,	0.03,	0.00,	295.00,	-0.06,	87.12,	2690291
0333,	0.00,	0.04,	0.00,	295.00,	-0.06,	87.12,	2690308
0333,	-0.02,	0.06,	-0.08,	295.00,	-0.06,	87.12,	2690323
0333,	0.00,	0.02,	0.00,	295.00,	-0.06,	87.12,	2690341
0333,	-0.01,	0.05,	0.02,	295.00,	-0.06,	87.12,	2690357
0333,	-0.01,	0.05,	-0.08,	295.00,	-0.06,	87.12,	2690373
0333,	-0.02,	0.05,	0.00,	295.00,	-0.06,	87.12,	2690392
0333,	-0.01,	0.05,	-0.05,	295.00,	-0.06,	87.12,	2690407
0333,	-0.01,	0.03,	-0.07,	295.00,	-0.06,	87.12,	2690423
0333,	0.00,	0.04,	-0.03,	295.00,	-0.06,	87.12,	2690442
0333,	-0.02,	0.03,	0.00,	295.00,	-0.06,	87.12,	2690457
0333,	-0.01,	0.05,	-0.07,	295.00,	-0.06,	87.12,	2690473
0333,	-0.01,	0.03,	0.01,	295.00,	-0.06,	87.12,	2690492
0333,	-0.01,	0.04,	0.02,	295.00,	-0.06,	87.12,	2690508
0333,	-0.02,	0.04,	-0.08,	295.00,	-0.06,	87.12,	2690524
0333,	-0.01,	0.02,	0.00,	295.00,	-0.06,	87.12,	2690542
0333,	-0.01,	0.03,	-0.04,	295.00,	-0.06,	87.12,	2690557
0333,	-0.01,	0.08,	-0.08,	295.00,	-0.06,	87.12,	2690574
0333,	-0.03,	0.05,	0.00,	295.00,	-0.06,	87.12,	2690592
0333,	0.00,	0.02,	0.02,	295.00,	-0.06,	87.12,	2690608
0333,	0.00,	0.05,	-0.06,	295.00,	-0.06,	87.12,	2690624
0333,	-0.01,	0.04,	0.00,	295.00,	-0.06,	87.12,	2690642
0333,	0.00,	0.06,	-0.03,	295.00,	-0.06,	87.12,	2690658
0333,	-0.01,	0.06,	-0.10,	295.00,	-0.06,	87.12,	2690674
0333,	-0.02,	0.02,	0.00,	295.00,	-0.06,	87.12,	2690693
0333,	-0.02,	0.02,	-0.01,	295.00,	-0.06,	87.12,	2690708
0333,	0.00,	0.05,	-0.08,	295.00,	-0.06,	87.12,	2690724
0333,	0.00,	0.03,	0.00,	295.00,	-0.06,	87.12,	2690743
0333,	-0.02,	0.06,	0.01,	295.00,	-0.06,	87.12,	2690758
0333,	-0.01,	0.05,	-0.06,	295.00,	-0.06,	87.12,	2690775
0333,	-0.01,	0.03,	0.00,	295.00,	-0.06,	87.12,	2690793
0333,	-0.01,	0.03,	-0.04,	295.00,	-0.06,	87.12,	2690808
0333,	0.00,	0.07,	-0.09,	295.00,	-0.06,	87.12,	2690825
0333,	-0.02,	0.03,	0.00,	295.00,	-0.06,	87.12,	2690842
0333,	0.00,	0.04,	0.00,	295.00,	-0.06,	87.12,	2690859
0333,	0.00,	0.02,	-0.10,	295.00,	-0.06,	87.12,	2690875
0333,	-0.02,	0.05,	0.00,	295.00,	-0.06,	87.12,	2690892
0333,	-0.01,	0.05,	0.01,	295.00,	-0.06,	87.12,	2690909
0333,	-0.03,	0.03,	-0.07,	295.00,	-0.06,	87.12,	2690925
0333,	-0.01,	0.06,	-0.02,	295.00,	-0.06,	87.12,	2690942
0333,	0.00,	0.04,	0.00,	295.00,	-0.06,	87.12,	2690959
0333,	-0.01,	0.04,	-0.08,	295.00,	-0.06,	87.12,	2690975
0333,	-0.02,	0.03,	0.00,	295.00,	-0.06,	87.12,	2690993
0333,	0.00,	0.04,	0.02,	295.00,	-0.06,	87.12,	2691009
0333,	-0.01,	0.05,	-0.06,	295.00,	-0.06,	87.12,	2691024
0333,	-0.01,	0.05,	0.00,	295.00,	-0.06,	87.12,	2691043
0333,	-0.02,	0.06,	0.01,	295.00,	-0.06,	87.12,	2691059
0333,	-0.01,	0.06,	-0.09,	295.00,	-0.06,	87.12,	2691075
0333,	0.00,	0.05,	0.00,	295.00,	-0.06,	87.12,	2691093
0333,	-0.02,	0.04,	0.00,	295.00,	-0.06,	87.12,	2691109
0333,	0.00,	0.04,	-0.08,	295.00,	-0.06,	87.12,	2691125
0333,	0.00,	0.02,	-0.02,	295.00,	-0.06,	87.12,	2691143
0333,	-0.01,	0.01,	0.02,	295.00,	-0.06,	87.12,	2691159
0333,	0.00,	0.04,	-0.07,	295.00,	-0.06,	87.12,	2691175
0333,	-0.01,	0.04,	0.01,	295.00,	-0.06,	87.12,	2691193
0333,	-0.02,	0.07,	-0.04,	295.00,	-0.06,	87.12,	2691209
0333,	-0.01,	0.05,	-0.09,	295.00,	-0.06,	87.12,	2691225
0333,	-0.01,	0.07,	0.01,	295.00,	-0.06,	87.12,	2691244
0333,	0.00,	0.04,	0.01,	295.00,	-0.06,	87.12,	2691259
0333,	-0.01,	0.05,	-0.06,	295.00,	-0.06,	87.12,	2691275
0333,	-0.01,	0.05,	0.00,	295.00,	-0.06,	87.12,	2691294
0333,	-0.01,	0.03,	0.03,	295.00,	-0.06,	87.12,	2691309
0333,	-0.01,	0.04,	-0.07,	295.00,	-0.06,	87.12,	2691325
0333,	0.00,	0.03,	0.00,	295.00,	-0.06,	87.12,	2691344
0333,	-0.01,	0.04,	-0.03,	295.00,	-0.06,	87.12,	2691359
0333,	-0.02,	0.04,	-0.09,	295.00,	-0.06,	87.12,	2691376
0333,	-0.02,	0.03,	0.00,	295.00,	-0.06,	87.12,	2691394
0333,	0.00,	0.03,	-0.02,	295.00,	-0.06,	87.12,	2691409
0333,	-0.02,	0.05,	-0.08,	295.00,	-0.06,	87.12,	2691426
0333,	-0.01,	0.05,	0.00,	295.00,	-0.06,	87.12,	2691444
0333,	-0.01,	0.06,	0.02,	295.00,	-0.06,	87.12,	2691460
0333,	-0.01,	0.06,	-0.09,	295.00,	-0.06,	87.12,	2691476
0333,	-0.02,	0.05,	0.01,	295.00,	-0.06,	87.12,	2691494
0333,	-0.01,	0.05,	0.00,	295.00,	-0.06,	87.12,	2691510
0333,	0.01,	0.03,	-0.08,	295.00,	-0.06,	87.12,	2691526
0333,	-0.02,	0.05,	0.00,	295.00,	-0.06,	87.12,	2691545
0333,	-0.01,	0.05,	0.00,	295.00,	-0.06,	87.12,	2691560
0333,	-0.01,	0.04,	-0.06,	295.00,	-0.06,	87.12,	2691576
0333,	-0.02,	0.02,	-0.02,	295.00,	-0.06,	87.12,	2691595
0333,	-0.01,	0.03,	0.04,	295.00,	-0.06,	87.12,	2691610
0333,	0.00,	0.05,	-0.06,	295.00,	-0.06,	87.12,	2691627
0333,	0.00,	0.05,	-0.01,	295.00,	-0.06,	87.12,	2691644
0333,	0.00,	0.06,	-0.01,	295.00,	-0.06,	87.12,	2691660
0333,	0.00,	0.05,	-0.08,	295.00,	-0.06,	87.12,	2691677
0333,	0.00,	0.05,	0.01,	295.00,	-0.06,	87.12,	2691694
0333,	-0.02,	0.05,	0.00,	295.00,	-0.06,	87.12,	2691710
0333,	0.00,	0.04,	-0.06,	295.00,	-0.06,	87.12,	2691727
0333,	-0.02,	0.05,	0.00,	295.00,	-0.06,	87.12,	2691744
0333,	0.00,	0.05,	-0.05,	295.00,	-0.06,	87.12,	2691761
0333,	-0.02,	0.03,	-0.09,	295.00,	-0.06,	87.12,	2691776
0333,	0.00,	0.04,	-0.01,	295.00,	-0.06,	87.12,	2691794
0333,	-0.01,	0.04,	0.00,	295.00,	-0.06,	87.12,	2691810
0333,	0.00,	0.06,	-0.08,	295.00,	-0.06,	87.12,	2691826
0333,	-0.01,	0.04,	0.00,	295.00,	-0.06,	87.12,	2691845
0333,	-0.01,	0.03,	0.02,	295.00,	-0.06,	87.12,	2691860
0333,	-0.02,	0.03,	-0.07,	295.00,	-0.06,	87.12,	2691876
0333,	-0.02,	0.05,	-0.02,	295.00,	-0.06,	87.12,	2691895
0333,	0.00,	0.03,	-0.01,	295.00,	-0.06,	87.12,	2691910
0333,	-0.01,	0.04,	-0.10,	295.00,	-0.06,	87.12,	2691927
0333,	-0.01,	0.04,	0.00,	295.00,	-0.06,	87.12,	2691945
0333,	0.00,	0.05,	0.01,	295.00,	-0.06,	87.12,	2691960
0333,	0.00,	0.05,	-0.07,	295.00,	-0.06,	87.12,	2691977
0333,	0.00,	0.03,	0.02,	295.00,	-0.06,	87.12,	2691995
0333,	-0.01,	0.02,	0.01,	295.00,	-0.06,	87.12,	2692011
0333,	0.00,	0.02,	-0.10,	295.00,	-0.06,	87.12,	2692027
0333,	-0.01,	0.05,	-0.02,	295.00,	-0.06,	87.12,	2692045
0333,	-0.03,	0.03,	0.00,	295.00,	-0.06,	87.12,	2692061
0333,	0.00,	0.04,	-0.10,	295.00,	-0.06,	87.12,	2692077
0333,	-0.02,	0.05,	0.00,	295.00,	-0.06,	87.12,	2692096
0333,	-0.01,	0.05,	0.00,	295.00,	-0.06,	87.12,	2692111
0333,	0.00,	0.05,	-0.08,	295.00,	-0.06,	87.12,	2692127
0333,	-0.01,	0.03,	0.00,	295.00,	-0.06,	87.12,	2692146
0333,	-0.02,	0.05,	-0.06,	295.00,	-0.06,	87.12,	2692161
0333,	-0.02,	0.06,	-0.12,	295.00,	-0.06,	87.12,	2692177
0333,	0.00,	0.05,	-0.02,	295.00,	-0.06,	87.12,	2692196
0333,	-0.02,	0.04,	0.00,	295.00,	-0.06,	87.12,	2692211
0333,	-0.03,	0.06,	-0.12,	295.00,	-0.06,	87.12,	2692228
0333,	-0.01,	0.04,	0.02,	295.00,	-0.06,	87.12,	2692246
0333,	-0.01,	0.04,	0.00,	295.00,	-0.06,	87.12,	2692261
0333,	0.00,	0.03,	-0.08,	295.00,	-0.06,	87.12,	2692278
0333,	0.00,	0.03,	0.00,	295.00,	-0.06,	87.12,	2692296
0333,	0.00,	0.04,	-0.04,	295.00,	-0.06,	87.12,	2692312
0333,	0.00,	0.04,	-0.10,	295.00,	-0.06,	87.12,	2692328
0333,	-0.02,	0.05,	0.00,	295.00,	-0.06,	87.12,	2692345
0333,	0.00,	0.06,	0.00,	295.00,	-0.06,	87.12,	2692362
0333,	-0.01,	0.03,	-0.10,	295.00,	-0.06,	87.12,	2692378
0333,	-0.01,	0.04,	-0.02,	295.00,	-0.06,	87.12,	2692396
0333,	-0.02,	0.05,	0.05,	295.00,	-0.06,	87.12,	2692412
0333,	0.00,	0.05,	-0.07,	295.00,	-0.06,	87.12,	2692428
0333,	-0.02,	0.04,	0.01,	295.00,	-0.06,	87.12,	2692446
0333,	-0.03,	0.04,	-0.03,	295.00,	-0.06,	87.12,	2692462
0333,	0.00,	0.03,	-0.09,	295.00,	-0.06,	87.12,	2692478
0333,	0.00,	0.05,	-0.01,	295.00,	-0.06,	87.12,	2692496
0333,	-0.01,	0.05,	0.00,	295.00,	-0.06,	87.12,	2692511
0333,	-0.01,	0.05,	-0.07,	295.00,	-0.06,	87.12,	2692528
0333,	-0.02,	0.06,	0.00,	295.00,	-0.06,	87.12,	2692546
0333,	-0.01,	0.05,	0.00,	295.00,	-0.06,	87.12,	2692561
0333,	-0.03,	0.07,	-0.09,	295.00,	-0.06,	87.12,	2692578
0333,	0.00,	0.05,	0.00,	295.00,	-0.06,	87.12,	2692596
0333,	-0.03,	0.03,	-0.01,	295.00,	-0.06,	87.12,	2692612
0333,	-0.02,	0.03,	-0.09,	295.00,	-0.06,	87.12,	2692628
0333,	0.00,	0.05,	0.00,	295.00,	-0.06,	87.12,	2692646
0333,	-0.01,	0.05,	0.01,	295.00,	-0.06,	87.12,	2692662
0333,	0.00,	0.06,	-0.06,	295.00,	-0.06,	87.12,	2692678
0333,	0.00,	0.05,	-0.01,	295.00,	-0.06,	87.12,	2692697
0333,	-0.03,	0.03,	0.00,	295.00,	-0.06,	87.12,	2692712
0333,	0.00,	0.04,	-0.10,	295.00,	-0.06,	87.12,	2692728
0333,	-0.02,	0.06,	-0.02,	295.00,	-0.06,	87.12,	2692747
0333,	-0.03,	0.05,	-0.02,	295.00,	-0.06,	87.12,	2692762
0333,	-0.01,	0.05,	-0.09,	295.00,	-0.06,	87.12,	2692779
0333,	-0.02,	0.04,	0.00,	295.00,	-0.06,	87.12,	2692797
0333,	0.00,	0.02,	0.04,	295.00,	-0.06,	87.12,	2692812
0333,	-0.01,	0.04,	-0.09,	295.00,	-0.06,	87.12,	2692829
0333,	0.00,	0.03,	0.01,	295.00,	-0.06,	87.12,	2692847
0333,	0.00,	0.06,	-0.06,	295.00,	-0.06,	87.12,	2692862
0333,	-0.02,	0.04,	-0.08,	295.00,	-0.06,	87.12,	2692879
0333,	-0.01,	0.05,	0.00,	295.00,	-0.06,	87.12,	2692897
0333,	-0.03,	0.04,	0.00,	295.00,	-0.06,	87.12,	2692913
0333,	-0.02,	0.05,	-0.07,	295.00,	-0.06,	87.12,	2692929
0333,	0.00,	0.05,	-0.01,	295.00,	-0.06,	87.12,	2692947
0333,	-0.02,	0.06,	0.02,	295.00,	-0.06,	87.12,	2692963
0333,	-0.01,	0.04,	-0.08,	295.00,	-0.06,	87.12,	2692979
0333,	-0.01,	0.03,	-0.01,	295.00,	-0.06,	87.12,	2692998
0333,	-0.01,	0.03,	-0.02,	295.00,	-0.06,	87.12,	2693013
0333,	0.00,	0.03,	-0.09,	295.00,	-0.06,	87.12,	2693029
0333,	-0.03,	0.04,	0.01,	295.00,	-0.06,	87.12,	2693048
0333,	-0.02,	0.05,	0.01,	295.00,	-0.06,	87.12,	2693063
0333,	-0.03,	0.04,	-0.09,	295.00,	-0.06,	87.12,	2693080
0333,	-0.01,	0.05,	0.00,	295.00,	-0.06,	87.12,	2693097
0333,	-0.02,	0.02,	0.05,	295.00,	-0.06,	87.12,	2693113
0333,	0.00,	0.03,	-0.09,	295.00,	-0.06,	87.12,	2693130
0333,	-0.02,	0.05,	-0.02,	295.00,	-0.06,	87.12,	2693147
0333,	-0.01,	0.04,	-0.02,	295.00,	-0.06,	87.12,	2693164
0333,	-0.02,	0.03,	-0.10,	295.00,	-0.06,	87.12,	2693179
0333,	-0.01,	0.04,	0.00,	295.00,	-0.06,	87.12,	2693197
0333,	-0.02,	0.05,	0.03,	295.00,	-0.06,	87.12,	2693214
0333,	-0.02,	0.05,	-0.07,	295.00,	-0.06,	87.12,	2693230
0333,	0.00,	0.05,	-0.02,	295.00,	-0.06,	87.12,	2693248
0333,	-0.01,	0.05,	-0.04,	295.00,	-0.06,	87.12,	2693263
0333,	-0.03,	0.05,	-0.07,	295.00,	-0.06,	87.12,	2693279
0333,	0.00,	0.04,	-0.01,	295.00,	-0.06,	87.12,	2693298
0333,	-0.02,	0.04,	0.01,	295.00,	-0.06,	87.12,	2693313
0333,	-0.01,	0.05,	-0.08,	295.00,	-0.06,	87.12,	2693329
0333,	-0.03,	0.05,	0.00,	295.00,	-0.06,	87.12,	2693348
0333,	0.00,	0.04,	0.02,	295.00,	-0.06,	87.12,	2693363
0333,	0.00,	0.06,	-0.07,	295.00,	-0.06,	87.12,	2693380
0333,	-0.01,	0.05,	0.01,	295.00,	-0.06,	87.12,	2693398
0333,	-0.01,	0.05,	-0.02,	295.00,	-0.06,	87.12,	2693413
0333,	-0.01,	0.05,	-0.08,	295.00,	-0.06,	87.12,	2693430
0333,	0.00,	0.02,	-0.01,	295.00,	-0.06,	87.12,	2693448
0333,	0.00,	0.06,	0.01,	295.00,	-0.06,	87.12,	2693464
0333,	0.00,	0.05,	-0.08,	295.00,	-0.06,	87.12,	2693480
0333,	0.00,	0.06,	0.01,	295.00,	-0.06,	87.12,	2693498
0333,	-0.01,	0.04,	0.00,	295.00,	-0.06,	87.12,	2693514
0333,	0.00,	0.06,	-0.07,	295.00,	-0.06,	87.12,	2693530
0333,	-0.01,	0.02,	0.00,	295.00,	-0.06,	87.12,	2693549
0333,	-0.01,	0.02,	-0.02,	295.00,	-0.06,	87.12,	2693564
0333,	0.00,	0.04,	-0.13,	295.00,	-0.06,	87.12,	2693580
0333,	-0.03,	0.04,	0.01,	295.00,	-0.06,	87.12,	2693599
0333,	-0.01,	0.03,	0.00,	295.00,	-0.06,	87.12,	2693614
0333,	-0.01,	0.05,	-0.06,	295.00,	-0.06,	87.12,	2693630
0333,	0.00,	0.06,	-0.01,	295.00,	-0.06,	87.12,	2693649
0333,	0.00,	0.05,	-0.04,	295.00,	-0.06,	87.12,	2693664
0333,	-0.01,	0.04,	-0.09,	295.00,	-0.06,	87.12,	2693681
0333,	-0.01,	0.04,	-0.01,	295.00,	-0.06,	87.12,	2693699
0333,	0.00,	0.03,	0.00,	295.00,	-0.06,	87.12,	2693714
0333,	-0.02,	0.03,	-0.08,	295.00,	-0.06,	87.12,	2693731
0333,	-0.02,	0.03,	0.00,	295.00,	-0.06,	87.12,	2693749
0333,	-0.01,	0.03,	0.00,	295.00,	-0.06,	87.12,	2693765
0333,	-0.02,	0.05,	-0.10,	295.00,	-0.06,	87.12,	2693781
0333,	0.00,	0.04,	-0.02,	295.00,	-0.06,	87.12,	2693799
0333,	-0.01,	0.04,	-0.02,	295.00,	-0.06,	87.12,	2693815
0333,	0.00,	0.04,	-0.08,	295.00,	-0.06,	87.12,	2693831
0333,	-0.03,	0.05,	-0.01,	295.00,	-0.06,	87.12,	2693850
0333,	-0.02,	0.05,	0.00,	295.00,	-0.06,	87.12,	2693865
0333,	0.00,	0.07,	-0.09,	295.00,	-0.06,	87.12,	2693881
0333,	-0.03,	0.06,	0.00,	295.00,	-0.06,	87.12,	2693900
0333,	0.00,	0.05,	0.01,	295.00,	-0.06,	87.12,	2693915
0333,	0.00,	0.03,	-0.06,	295.00,	-0.06,	87.12,	2693932
0333,	-0.01,	0.06,	0.01,	295.00,	-0.06,	87.12,	2693949
0333,	0.00,	0.03,	-0.02,	295.00,	-0.06,	87.12,	2693965
0333,	0.00,	0.04,	-0.10,	295.00,	-0.06,	87.12,	2693982
0333,	-0.02,	0.04,	0.03,	295.00,	-0.06,	87.12,	2693999
0333,	-0.02,	0.05,	0.03,	295.00,	-0.06,	87.12,	2694016
0333,	0.00,	0.05,	-0.08,	295.00,	-0.06,	87.12,	2694032
0333,	0.00,	0.05,	-0.02,	295.00,	-0.06,	87.12,	2694049
0333,	0.00,	0.06,	0.00,	295.00,	-0.06,	87.12,	2694066
0333,	-0.01,	0.04,	-0.08,	295.00,	-0.06,	87.12,	2694081
0333,	-0.01,	0.04,	0.00,	295.00,	-0.06,	87.12,	2694099
0333,	0.00,	0.06,	-0.02,	295.00,	-0.06,	87.12,	2694116
0333,	-0.02,	0.04,	-0.09,	295.00,	-0.06,	87.12,	2694131
0333,	0.00,	0.04,	0.00,	295.00,	-0.06,	87.12,	2694150
0333,	-0.01,	0.04,	0.03,	295.00,	-0.06,	87.12,	2694165
0333,	-0.02,	0.07,	-0.07,	295.00,	-0.06,	87.12,	2694181
0333,	0.00,	0.04,	-0.03,	295.00,	-0.06,	87.12,	2694200
0333,	-0.02,	0.04,	-0.04,	295.00,	-0.06,	87.12,	2694215
0333,	0.00,	0.06,	-0.08,	295.00,	-0.06,	87.12,	2694232
0333,	-0.02,	0.04,	-0.02,	295.00,	-0.06,	87.12,	2694250
0333,	0.00,	0.04,	0.00,	295.00,	-0.06,	87.12,	2694265
0333,	-0.02,	0.03,	-0.10,	295.00,	-0.06,	87.12,	2694282
0333,	0.01,	0.02,	0.00,	295.00,	-0.06,	87.12,	2694300
0333,	0.00,	0.03,	0.02,	295.00,	-0.06,	87.12,	2694316
0333,	0.00,	0.05,	-0.08,	295.00,	-0.06,	87.12,	2694332
0333,	-0.01,	0.04,	0.00,	295.00,	-0.06,	87.12,	2694350
0333,	-0.02,	0.05,	-0.03,	295.00,	-0.06,	87.12,	2694366
0333,	-0.03,	0.05,	-0.08,	295.00,	-0.06,	87.12,	2694382
0333,	-0.02,	0.04,	0.00,	295.00,	-0.06,	87.12,	2694401
0333,	-0.01,	0.03,	-0.01,	295.00,	-0.06,	87.12,	2694416
0333,	-0.02,	0.05,	-0.10,	295.00,	-0.06,	87.12,	2694432
0333,	-0.01,	0.03,	0.00,	295.00,	-0.06,	87.12,	2694451
0333,	-0.01,	0.04,	0.02,	295.00,	-0.06,	87.12,	2694466
0333,	-0.01,	0.04,	-0.10,	295.00,	-0.06,	87.12,	2694482
0333,	-0.02,	0.04,	-0.01,	295.00,	-0.06,	87.12,	2694501
0333,	-0.01,	0.04,	-0.02,	295.00,	-0.06,	87.12,	2694516
0333,	-0.02,	0.05,	-0.07,	295.00,	-0.06,	87.12,	2694533
0333,	-0.03,	0.05,	0.00,	295.00,	-0.06,	87.12,	2694551
0333,	0.00,	0.05,	0.01,	295.00,	-0.06,	87.12,	2694566
0333,	0.00,	0.05,	-0.06,	295.00,	-0.06,	87.12,	2694583
0333,	0.00,	0.04,	0.00,	295.00,	-0.06,	87.12,	2694600
0333,	0.00,	0.05,	-0.06,	295.00,	-0.06,	87.12,	2694617
0333,	-0.01,	0.04,	-0.09,	295.00,	-0.06,	87.12,	2694633
0333,	-0.02,	0.03,	-0.01,	295.00,	-0.06,	87.12,	2694650
0333,	0.00,	0.04,	-0.01,	295.00,	-0.06,	87.12,	2694667
0333,	0.00,	0.07,	-0.07,	295.00,	-0.06,	87.12,	2694683
0333,	-0.01,	0.02,	-0.01,	295.00,	-0.06,	87.12,	2694701
0333,	-0.02,	0.05,	0.03,	295.00,	-0.06,	87.12,	2694717
0333,	0.00,	0.07,	-0.07,	295.00,	-0.06,	87.12,	2694733
0333,	0.00,	0.04,	-0.01,	295.00,	-0.06,	87.12,	2694751
0333,	-0.01,	0.05,	-0.04,	295.00,	-0.06,	87.12,	2694767
0333,	0.00,	0.04,	-0.09,	295.00,	-0.06,	87.12,	2694784
0333,	-0.02,	0.01,	0.00,	295.00,	-0.06,	87.12,	2694801
0333,	-0.02,	0.04,	-0.01,	295.00,	-0.06,	87.12,	2694817
0333,	0.00,	0.05,	-0.08,	295.00,	-0.06,	87.12,	2694834
0333,	0.00,	0.02,	0.00,	295.00,	-0.06,	87.12,	2694851
0333,	0.00,	0.04,	0.02,	295.00,	-0.06,	87.12,	2694866
0333,	-0.01,	0.05,	-0.08,	295.00,	-0.06,	87.12,	2694883
0333,	-0.02,	0.06,	-0.01,	295.00,	-0.06,	87.12,	2694901
0333,	0.00,	0.05,	-0.02,	295.00,	-0.06,	87.12,	2694917
0333,	0.00,	0.04,	-0.11,	295.00,	-0.06,	87.12,	2694933
0333,	-0.01,	0.03,	0.00,	295.00,	-0.06,	87.12,	2694951
0333,	-0.01,	0.03,	0.00,	295.00,	-0.06,	87.12,	2694967
0333,	-0.01,	0.03,	-0.07,	295.00,	-0.06,	87.12,	2694983
0333,	-0.01,	0.05,	0.00,	295.00,	-0.06,	87.12,	2695002
0333,	-0.01,	0.04,	0.02,	295.00,	-0.06,	87.12,	2695017
0333,	-0.03,	0.05,	-0.06,	295.00,	-0.06,	87.12,	2695033
0333,	-0.01,	0.03,	-0.02,	295.00,	-0.06,	87.12,	2695052
0333,	-0.02,	0.04,	-0.03,	295.00,	-0.06,	87.12,	2695067
0333,	-0.02,	0.04,	-0.10,	295.00,	-0.06,	87.12,	2695084
0333,	-0.02,	0.05,	0.00,	295.00,	-0.06,	87.12,	2695102
0333,	0.00,	0.06,	-0.01,	295.00,	-0.06,	87.12,	2695117
0333,	-0.01,	0.03,	-0.10,	295.00,	-0.06,	87.12,	2695134
0333,	-0.01,	0.03,	-0.01,	295.00,	-0.06,	87.12,	2695152
0333,	-0.01,	0.04,	-0.04,	295.00,	-0.06,	87.12,	2695168
0333,	-0.02,	0.03,	-0.08,	295.00,	-0.06,	87.12,	2695184
0333,	0.00,	0.06,	-0.01,	295.00,	-0.06,	87.12,	2695202
0333,	-0.01,	0.03,	-0.01,	295.00,	-0.06,	87.12,	2695218
0333,	0.00,	0.05,	-0.08,	295.00,	-0.06,	87.12,	2695234
0333,	-0.02,	0.05,	0.00,	295.00,	-0.06,	87.12,	2695252
0333,	-0.01,	0.02,	0.00,	295.00,	-0.06,	87.12,	2695268
0333,	0.00,	0.06,	-0.10,	295.00,	-0.06,	87.12,	2695284
0333,	0.00,	0.05,	0.02,	295.00,	-0.06,	87.12,	2695303
0333,	-0.01,	0.06,	-0.04,	295.00,	-0.06,	87.12,	2695318
0333,	-0.01,	0.04,	-0.07,	295.00,	-0.06,	87.12,	2695334
0333,	-0.01,	0.04,	-0.02,	295.00,	-0.06,	87.12,	2695353
0333,	-0.01,	0.03,	0.01,	295.00,	-0.06,	87.12,	2695368
0333,	-0.01,	0.04,	-0.09,	295.00,	-0.06,	87.12,	2695385
0333,	0.00,	0.06,	0.00,	295.00,	-0.06,	87.12,	2695403
0333,	0.00,	0.03,	0.02,	295.00,	-0.06,	87.12,	2695418
0333,	-0.03,	0.04,	-0.09,	295.00,	-0.06,	87.12,	2695435
0333,	-0.02,	0.04,	0.00,	295.00,	-0.06,	87.12,	2695452
0333,	-0.01,	0.06,	-0.03,	295.00,	-0.06,	87.12,	2695469
0333,	-0.01,	0.04,	-0.07,	295.00,	-0.06,	87.12,	2695485
0333,	-0.03,	0.04,	-0.01,	295.00,	-0.06,	87.12,	2695503
0333,	-0.01,	0.05,	0.00,	295.00,	-0.06,	87.12,	2695519
0333,	0.00,	0.02,	-0.08,	295.00,	-0.06,	87.12,	2695535
0333,	-0.02,	0.05,	0.00,	295.00,	-0.06,	87.12,	2695553
0333,	-0.03,	0.04,	0.03,	295.00,	-0.06,	87.12,	2695569
0333,	-0.04,	0.05,	-0.11,	295.00,	-0.06,	87.12,	2695585
0333,	0.00,	0.04,	0.00,	295.00,	-0.06,	87.12,	2695603
0333,	0.00,	0.03,	0.00,	295.00,	-0.06,	87.12,	2695619
0333,	-0.02,	0.05,	-0.09,	295.00,	-0.06,	87.12,	2695634
0333,	0.00,	0.02,	0.03,	295.00,	-0.06,	87.12,	2695653
0333,	-0.01,	0.05,	0.03,	295.00,	-0.06,	87.12,	2695668
0333,	0.00,	0.06,	-0.10,	295.00,	-0.06,	87.12,	2695685
0333,	-0.01,	0.03,	-0.01,	295.00,	-0.06,	87.12,	2695703
0333,	-0.02,	0.05,	-0.02,	295.00,	-0.06,	87.12,	2695718
0333,	-0.03,	0.06,	-0.06,	295.00,	-0.06,	87.12,	2695735
0333,	0.00,	0.06,	0.00,	295.00,	-0.06,	87.12,	2695753
0333,	0.00,	0.04,	-0.01,	295.00,	-0.06,	87.12,	2695769
0333,	0.00,	0.05,	-0.08,	295.00,	-0.06,	87.12,	2695785
0333,	-0.02,	0.04,	0.00,	295.00,	-0.06,	87.12,	2695803
0333,	-0.02,	0.04,	0.02,	295.00,	-0.06,	87.12,	2695819
0333,	-0.01,	0.06,	-0.09,	295.00,	-0.06,	87.12,	2695835
0333,	-0.01,	0.05,	0.00,	295.00,	-0.06,	87.12,	2695854
0333,	-0.01,	0.06,	-0.04,	295.00,	-0.06,	87.12,	2695869
0333,	0.00,	0.05,	-0.10,	295.00,	-0.06,	87.12,	2695885
0333,	0.00,	0.04,	0.00,	295.00,	-0.06,	87.12,	2695904
0333,	-0.02,	0.06,	0.02,	295.00,	-0.06,	87.12,	2695919
0333,	0.00,	0.06,	-0.08,	295.00,	-0.06,	87.12,	2695936
0333,	-0.01,	0.05,	-0.03,	295.00,	-0.06,	87.12,	2695954
0333,	-0.02,	0.04,	0.01,	295.00,	-0.06,	87.12,	2695969
0333,	0.00,	0.05,	-0.06,	295.00,	-0.06,	87.12,	2695986
0333,	-0.01,	0.04,	0.02,	295.00,	-0.06,	87.12,	2696004
0333,	-0.02,	0.05,	0.00,	295.00,	-0.06,	87.12,	2696019
0333,	0.00,	0.05,	-0.10,	295.00,	-0.06,	87.12,	2696036
0333,	-0.02,	0.03,	0.01,	295.00,	-0.06,	87.12,	2696054
0333,	-0.01,	0.06,	0.02,	295.00,	-0.06,	87.12,	2696070
0333,	-0.02,	0.03,	-0.06,	295.00,	-0.06,	87.12,	2696086
0333,	0.00,	0.03,	-0.03,	295.00,	-0.06,	87.12,	2696104
0333,	-0.01,	0.04,	-0.05,	295.00,	-0.06,	87.12,	2696120
0333,	-0.02,	0.06,	-0.08,	295.00,	-0.06,	87.12,	2696136
0333,	-0.02,	0.02,	0.00,	295.00,	-0.06,	87.12,	2696155
0333,	0.00,	0.05,	-0.01,	295.00,	-0.06,	87.12,	2696170
0333,	-0.02,	0.05,	-0.07,	295.00,	-0.06,	87.12,	2696186
0333,	0.00,	0.04,	-0.02,	295.00,	-0.06,	87.12,	2696205
0333,	-0.02,	0.06,	0.02,	295.00,	-0.06,	87.12,	2696220
0333,	0.00,	0.05,	-0.08,	295.00,	-0.06,	87.12,	2696237
0333,	-0.02,	0.04,	-0.02,	295.00,	-0.06,	87.12,	2696255
0333,	-0.01,	0.04,	-0.04,	295.00,	-0.06,	87.12,	2696270
0333,	-0.01,	0.03,	-0.10,	295.00,	-0.06,	87.12,	2696287
0333,	0.00,	0.04,	-0.02,	295.00,	-0.06,	87.12,	2696305
0333,	-0.03,	0.05,	0.02,	295.00,	-0.06,	87.12,	2696321
0333,	-0.01,	0.05,	-0.06,	295.00,	-0.06,	87.12,	2696337
0333,	-0.01,	0.07,	0.00,	295.00,	-0.06,	87.12,	2696355
0333,	-0.02,	0.05,	0.01,	295.00,	-0.06,	87.12,	2696371
0333,	0.00,	0.04,	-0.08,	295.00,	-0.06,	87.12,	2696387
0333,	-0.02,	0.04,	-0.02,	295.00,	-0.06,	87.12,	2696404
0333,	-0.01,	0.04,	-0.02,	295.00,	-0.06,	87.12,	2696421
0333,	0.00,	0.03,	-0.10,	295.00,	-0.06,	87.12,	2696437
0333,	-0.01,	0.03,	0.01,	295.00,	-0.06,	87.12,	2696455
0333,	-0.01,	0.06,	0.04,	295.00,	-0.06,	87.12,	2696471
0333,	0.00,	0.03,	-0.05,	295.00,	-0.06,	87.12,	2696487
0333,	-0.02,	0.04,	0.00,	295.00,	-0.06,	87.12,	2696505
0333,	-0.01,	0.04,	0.01,	295.00,	-0.06,	87.12,	2696521
0333,	0.00,	0.06,	-0.10,	295.00,	-0.06,	87.12,	2696538
0333,	-0.01,	0.02,	0.01,	295.00,	-0.06,	87.12,	2696555
0333,	-0.03,	0.03,	0.00,	295.00,	-0.06,	87.12,	2696571
0333,	0.00,	0.05,	-0.09,	295.00,	-0.06,	87.12,	2696588
0333,	0.00,	0.02,	-0.01,	295.00,	-0.06,	87.12,	2696605
0333,	-0.01,	0.02,	0.01,	295.00,	-0.06,	87.12,	2696622
0333,	-0.01,	0.02,	-0.07,	295.00,	-0.06,	87.12,	2696638
0333,	0.00,	0.03,	0.00,	295.00,	-0.06,	87.12,	2696655
0333,	-0.01,	0.02,	-0.04,	295.00,	-0.06,	87.12,	2696671
0333,	-0.02,	0.04,	-0.10,	295.00,	-0.06,	87.12,	2696687
0333,	0.00,	0.05,	0.00,	295.00,	-0.06,	87.12,	2696706
0333,	0.00,	0.05,	0.00,	295.00,	-0.06,	87.12,	2696721
0333,	0.00,	0.03,	-0.10,	295.00,	-0.06,	87.12,	2696737
0333,	-0.01,	0.05,	-0.01,	295.00,	-0.06,	87.12,	2696756
0333,	0.00,	0.06,	0.00,	295.00,	-0.06,	87.12,	2696771
0333,	-0.01,	0.04,	-0.09,	295.00,	-0.06,	87.12,	2696787
0333,	-0.01,	0.04,	-0.02,	295.00,	-0.06,	87.12,	2696806
0333,	-0.01,	0.05,	-0.02,	295.00,	-0.06,	87.12,	2696821
0333,	-0.01,	0.04,	-0.07,	295.00,	-0.06,	87.12,	2696838
0333,	-0.01,	0.06,	0.02,	295.00,	-0.06,	87.12,	2696856
0333,	-0.02,	0.05,	0.00,	295.00,	-0.06,	87.12,	2696871
0333,	-0.02,	0.05,	-0.07,	295.00,	-0.06,	87.12,	2696888
0333,	-0.01,	0.06,	0.00,	295.00,	-0.06,	87.12,	2696906
0333,	-0.01,	0.05,	0.03,	295.00,	-0.06,	87.12,	2696922
0333,	-0.01,	0.04,	-0.10,	295.00,	-0.06,	87.12,	2696938
0333,	0.00,	0.05,	-0.01,	295.00,	-0.06,	87.12,	2696956
0333,	-0.03,	0.05,	-0.01,	295.00,	-0.06,	87.12,	2696972
0333,	0.00,	0.05,	-0.07,	295.00,	-0.06,	87.12,	2696988
0333,	-0.01,	0.05,	0.00,	295.00,	-0.06,	87.12,	2697007
0333,	-0.01,	0.03,	0.01,	295.00,	-0.06,	87.12,	2697022
0333,	-0.02,	0.04,	-0.04,	295.00,	-0.06,	87.12,	2697038
0333,	-0.01,	0.02,	0.00,	295.00,	-0.06,	87.12,	2697057
0333,	-0.01,	0.03,	-0.05,	295.00,	-0.06,	87.12,	2697072
0333,	-0.02,	0.05,	-0.10,	295.00,	-0.06,	87.12,	2697089
0333,	-0.02,	0.03,	0.00,	295.00,	-0.06,	87.12,	2697107
0333,	-0.02,	0.06,	-0.01,	295.00,	-0.06,	87.12,	2697122
0333,	-0.01,	0.05,	-0.09,	295.00,	-0.06,	87.12,	2697139
0333,	0.00,	0.04,	-0.01,	295.00,	-0.06,	87.12,	2697157
0333,	-0.01,	0.05,	0.00,	295.00,	-0.06,	87.12,	2697172
0333,	0.00,	0.05,	-0.09,	295.00,	-0.06,	87.12,	2697189
0333,	0.00,	0.05,	-0.02,	295.00,	-0.06,	87.12,	2697206
0333,	0.00,	0.02,	-0.02,	295.00,	-0.06,	87.12,	2697223
0333,	-0.02,	0.04,	-0.12,	295.00,	-0.06,	87.12,	2697239
0333,	0.00,	0.04,	-0.01,	295.00,	-0.06,	87.12,	2697256
0333,	-0.03,	0.05,	0.02,	295.00,	-0.06,	87.12,	2697273
0333,	-0.03,	0.05,	-0.08,	295.00,	-0.06,	87.12,	2697289
0333,	0.00,	0.03,	0.00,	295.00,	-0.06,	87.12,	2697307
0333,	-0.02,	0.04,	0.00,	295.00,	-0.06,	87.12,	2697323
0333,	-0.01,	0.04,	-0.07,	295.00,	-0.06,	87.12,	2697339
0333,	0.00,	0.05,	0.00,	295.00,	-0.06,	87.12,	2697357
0333,	-0.02,	0.02,	0.00,	295.00,	-0.06,	87.12,	2697373
0333,	-0.02,	0.05,	-0.12,	295.00,	-0.06,	87.12,	2697389
0333,	0.00,	0.05,	0.02,	295.00,	-0.06,	87.12,	2697407
0333,	0.00,	0.04,	0.00,	295.00,	-0.06,	87.12,	2697423
0333,	0.00,	0.03,	-0.08,	295.00,	-0.06,	87.12,	2697439
0333,	-0.01,	0.05,	0.01,	295.00,	-0.06,	87.12,	2697457
0333,	0.00,	0.06,	0.02,	295.00,	-0.06,	87.12,	2697473
0333,	-0.02,	0.05,	-0.10,	295.00,	-0.06,	87.12,	2697489
0333,	-0.01,	0.06,	-0.02,	295.00,	-0.06,	87.12,	2697507
0333,	-0.02,	0.05,	0.00,	295.00,	-0.06,	87.12,	2697523
0333,	0.00,	0.07,	-0.08,	295.00,	-0.06,	87.12,	2697539
0333,	0.00,	0.04,	0.00,	295.00,	-0.06,	87.12,	2697558
0333,	0.00,	0.04,	0.03,	295.00,	-0.06,	87.12,	2697573
0333,	-0.02,	0.05,	-0.07,	295.00,	-0.06,	87.12,	2697589
0333,	-0.03,	0.04,	-0.01,	295.00,	-0.06,	87.12,	2697608
0333,	-0.02,	0.05,	-0.04,	295.00,	-0.06,	87.12,	2697623
0333,	0.00,	0.03,	-0.09,	295.00,	-0.06,	87.12,	2697639
0333,	-0.01,	0.05,	-0.02,	295.00,	-0.06,	87.12,	2697658
0333,	0.00,	0.08,	0.00,	295.00,	-0.06,	87.12,	2697673
0333,	-0.02,	0.05,	-0.07,	295.00,	-0.06,	87.12,	2697690
0333,	-0.01,	0.02,	0.01,	295.00,	-0.06,	87.12,	2697708
0333,	-0.02,	0.05,	0.01,	295.00,	-0.06,	87.12,	2697723
0333,	-0.01,	0.05,	-0.09,	295.00,	-0.06,	87.12,	2697740
0333,	0.00,	0.04,	0.00,	295.00,	-0.06,	87.12,	2697758
0333,	-0.01,	0.05,	-0.02,	295.00,	-0.06,	87.12,	2697774
0333,	-0.01,	0.03,	-0.11,	295.00,	-0.06,	87.12,	2697790
0333,	-0.01,	0.04,	-0.03,	295.00,	-0.06,	87.12,	2697808
0333,	-0.03,	0.04,	0.00,	295.00,	-0.06,	87.12,	2697824
0333,	0.00,	0.07,	-0.09,	295.00,	-0.06,	87.12,	2697840
0333,	0.00,	0.05,	0.00,	295.00,	-0.06,	87.12,	2697859
0333,	0.00,	0.07,	0.01,	295.00,	-0.06,	87.12,	2697874
0333,	0.00,	0.07,	-0.08,	295.00,	-0.06,	87.12,	2697890
0333,	-0.03,	0.04,	-0.01,	295.00,	-0.06,	87.12,	2697909
0333,	-0.01,	0.03,	-0.03,	295.00,	-0.06,	87.12,	2697924
0333,	0.00,	0.04,	-0.07,	295.00,	-0.06,	87.12,	2697940
0333,	0.00,	0.05,	0.00,	295.00,	-0.06,	87.12,	2697959
0333,	0.00,	0.06,	0.00,	295.00,	-0.06,	87.12,	2697974
0333,	-0.01,	0.06,	-0.06,	295.00,	-0.06,	87.12,	2697991
0333,	-0.02,	0.05,	-0.02,	295.00,	-0.06,	87.12,	2698008
0333,	0.00,	0.04,	-0.04,	295.00,	-0.06,	87.12,	2698024
0333,	-0.02,	0.03,	-0.08,	295.00,	-0.06,	87.12,	2698041
0333,	-0.01,	0.05,	-0.02,	295.00,	-0.06,	87.12,	2698058
0333,	-0.01,	0.05,	-0.01,	295.00,	-0.06,	87.12,	2698075
0333,	-0.02,	0.06,	-0.09,	295.00,	-0.06,	87.12,	2698091
0333,	-0.02,	0.05,	-0.02,	295.00,	-0.06,	87.12,	2698108
0333,	-0.01,	0.03,	0.03,	295.00,	-0.06,	87.12,	2698125
0333,	-0.03,	0.05,	-0.08,	295.00,	-0.06,	87.12,	2698141
0333,	-0.01,	0.06,	-0.01,	295.00,	-0.06,	87.12,	2698159
0333,	-0.01,	0.05,	-0.04,	295.00,	-0.06,	87.12,	2698175
0333,	-0.02,	0.02,	-0.09,	295.00,	-0.06,	87.12,	2698191
0333,	-0.01,	0.07,	-0.02,	295.00,	-0.06,	87.12,	2698209
0333,	0.00,	0.04,	0.00,	295.00,	-0.06,	87.12,	2698225
0333,	-0.01,	0.05,	-0.07,	295.00,	-0.06,	87.12,	2698242
0333,	0.00,	0.04,	0.01,	295.00,	-0.06,	87.12,	2698259
0333,	-0.01,	0.06,	0.03,	295.00,	-0.06,	87.12,	2698274
0333,	-0.01,	0.03,	-0.10,	295.00,	-0.06,	87.12,	2698291
0333,	0.00,	0.03,	-0.03,	295.00,	-0.06,	87.12,	2698309
0333,	0.00,	0.04,	-0.01,	295.00,	-0.06,	87.12,	2698324
0333,	-0.02,	0.04,	-0.08,	295.00,	-0.06,	87.12,	2698341
0333,	0.00,	0.05,	0.01,	295.00,	-0.06,	87.12,	2698359
0333,	-0.02,	0.03,	0.02,	295.00,	-0.06,	87.12,	2698375
0333,	-0.04,	0.03,	-0.07,	295.00,	-0.06,	87.12,	2698391
0333,	-0.03,	0.02,	-0.02,	295.00,	-0.06,	87.12,	2698409
0333,	-0.01,	0.06,	0.01,	295.00,	-0.06,	87.12,	2698425
0333,	0.00,	0.06,	-0.08,	295.00,	-0.06,	87.12,	2698441
0333,	0.00,	0.05,	0.00,	295.00,	-0.06,	87.12,	2698460
0333,	-0.01,	0.02,	-0.02,	295.00,	-0.06,	87.12,	2698475
0333,	0.00,	0.05,	-0.08,	295.00,	-0.06,	87.12,	2698491
0333,	-0.02,	0.04,	0.03,	295.00,	-0.06,	87.12,	2698510
0333,	-0.02,	0.06,	0.00,	295.00,	-0.06,	87.12,	2698525
0333,	-0.01,	0.04,	-0.08,	295.00,	-0.06,	87.12,	2698542
0333,	-0.01,	0.04,	-0.02,	295.00,	-0.06,	87.12,	2698560
0333,	-0.01,	0.02,	-0.03,	295.00,	-0.06,	87.12,	2698575
0333,	-0.01,	0.05,	-0.06,	295.00,	-0.06,	87.12,	2698592
0333,	-0.02,	0.05,	-0.02,	295.00,	-0.06,	87.12,	2698610
0333,	0.00,	0.05,	0.00,	295.00,	-0.06,	87.12,	2698626
0333,	-0.03,	0.05,	-0.07,	295.00,	-0.06,	87.12,	2698642
0333,	-0.01,	0.05,	0.00,	295.00,	-0.06,	87.12,	2698660
0333,	-0.02,	0.03,	0.02,	295.00,	-0.06,	87.12,	2698676
0333,	-0.01,	0.04,	-0.09,	295.00,	-0.06,	87.12,	2698692
0333,	0.00,	0.02,	0.00,	295.00,	-0.06,	87.12,	2698711
0333,	0.00,	0.05,	-0.02,	295.00,	-0.06,	87.12,	2698726
0333,	-0.01,	0.04,	-0.10,	295.00,	-0.06,	87.12,	2698742
0333,	-0.01,	0.05,	-0.02,	295.00,	-0.06,	87.12,	2698760
0333,	-0.02,	0.04,	0.00,	295.00,	-0.06,	87.12,	2698776
0333,	-0.01,	0.06,	-0.07,	295.00,	-0.06,	87.12,	2698792
0333,	-0.03,	0.04,	0.00,	295.00,	-0.06,	87.12,	2698810
0333,	-0.01,	0.05,	0.02,	295.00,	-0.06,	87.12,	2698826
0333,	-0.03,	0.04,	-0.10,	295.00,	-0.06,	87.12,	2698843
0333,	-0.01,	0.07,	-0.01,	295.00,	-0.06,	87.12,	2698860
0333,	-0.03,	0.04,	0.00,	295.00,	-0.06,	87.12,	2698876
0333,	-0.01,	0.05,	-0.09,	295.00,	-0.06,	87.12,	2698893
0333,	-0.01,	0.03,	-0.03,	295.00,	-0.06,	87.12,	2698910
0333,	-0.02,	0.03,	0.00,	295.00,	-0.06,	87.12,	2698927
0333,	0.00,	0.05,	-0.05,	295.00,	-0.06,	87.12,	2698943
0333,	-0.02,	0.07,	-0.01,	295.00,	-0.06,	87.12,	2698960
0333,	0.00,	0.04,	0.01,	295.00,	-0.06,	87.12,	2698977
0333,	-0.02,	0.02,	-0.09,	295.00,	-0.06,	87.12,	2698992
0333,	-0.01,	0.04,	0.00,	295.00,	-0.06,	87.12,	2699011
0333,	-0.03,	0.02,	0.01,	295.00,	-0.06,	87.12,	2699026
0333,	-0.03,	0.05,	-0.08,	295.00,	-0.06,	87.12,	2699042
0333,	-0.01,	0.05,	0.00,	295.00,	-0.06,	87.12,	2699061
0333,	-0.02,	0.03,	0.03,	295.00,	-0.06,	87.12,	2699076
0333,	-0.03,	0.04,	-0.06,	295.00,	-0.06,	87.12,	2699092
0333,	0.00,	0.07,	0.00,	295.00,	-0.06,	87.12,	2699111
0333,	0.00,	0.03,	-0.05,	295.00,	-0.06,	87.12,	2699126
0333,	0.00,	0.07,	-0.09,	295.00,	-0.06,	87.12,	2699143
0333,	-0.01,	0.06,	0.00,	295.00,	-0.06,	87.12,	2699161
0333,	0.00,	0.04,	0.00,	295.00,	-0.06,	87.12,	2699176
0333,	-0.01,	0.03,	-0.09,	295.00,	-0.06,	87.12,	2699193
0333,	-0.01,	0.04,	0.00,	295.00,	-0.06,	87.12,	2699211
0333,	-0.01,	0.06,	0.02,	295.00,	-0.06,	87.12,	2699227
0333,	-0.02,	0.05,	-0.10,	295.00,	-0.06,	87.12,	2699243
0333,	-0.04,	0.03,	0.00,	295.00,	-0.06,	87.12,	2699261
0333,	-0.01,	0.05,	-0.04,	295.00,	-0.06,	87.12,	2699277
0333,	-0.01,	0.03,	-0.08,	295.00,	-0.06,	87.12,	2699293
0333,	-0.02,	0.05,	-0.01,	295.00,	-0.06,	87.12,	2699312
0333,	-0.02,	0.06,	-0.01,	295.00,	-0.06,	87.12,	2699327
0333,	-0.01,	0.06,	-0.07,	295.00,	-0.06,	87.12,	2699343
0333,	-0.02,	0.04,	0.01,	295.00,	-0.06,	87.12,	2699362
0333,	0.00,	0.02,	0.01,	295.00,	-0.06,	87.12,	2699377
0333,	-0.02,	0.05,	-0.08,	295.00,	-0.06,	87.12,	2699394
0333,	-0.01,	0.05,	0.00,	295.00,	-0.06,	87.12,	2699412
0333,	-0.02,	0.05,	-0.02,	295.00,	-0.06,	87.12,	2699427
0333,	0.00,	0.05,	-0.09,	295.00,	-0.06,	87.12,	2699444
0333,	-0.01,	0.05,	0.02,	295.00,	-0.06,	87.12,	2699461
0333,	-0.01,	0.03,	0.03,	295.00,	-0.06,	87.12,	2699478
0333,	-0.01,	0.02,	-0.07,	295.00,	-0.06,	87.12,	2699494
0333,	-0.01,	0.04,	0.00,	295.00,	-0.06,	87.12,	2699512
0333,	-0.02,	0.04,	-0.04,	295.00,	-0.06,	87.12,	2699528
0333,	0.00,	0.05,	-0.08,	295.00,	-0.06,	87.12,	2699544
0333,	0.00,	0.05,	-0.02,	295.00,	-0.06,	87.12,	2699561
0333,	-0.01,	0.05,	0.00,	295.00,	-0.06,	87.12,	2699578
0333,	0.00,	0.06,	-0.08,	295.00,	-0.06,	87.12,	2699594
0333,	-0.02,	0.04,	0.00,	295.00,	-0.06,	87.12,	2699612
0333,	-0.01,	0.04,	0.03,	295.00,	-0.06,	87.12,	2699628
0333,	-0.01,	0.04,	-0.09,	295.00,	-0.06,	87.12,	2699644
0333,	-0.02,	0.03,	-0.02,	295.00,	-0.06,	87.12,	2699662
0333,	-0.03,	0.05,	-0.04,	295.00,	-0.06,	87.12,	2699678
0333,	0.00,	0.05,	-0.10,	295.00,	-0.06,	87.12,	2699695
0333,	-0.03,	0.04,	-0.01,	295.00,	-0.06,	87.12,	2699712
0333,	-0.01,	0.06,	-0.02,	295.00,	-0.06,	87.12,	2699728
0333,	-0.01,	0.03,	-0.08,	295.00,	-0.06,	87.12,	2699745
0333,	-0.02,	0.05,	0.00,	295.00,	-0.06,	87.12,	2699762
0333,	0.00,	0.03,	0.01,	295.00,	-0.06,	87.12,	2699778
0333,	-0.02,	0.04,	-0.07,	295.00,	-0.06,	87.12,	2699794
0333,	0.00,	0.03,	0.00,	295.00,	-0.06,	87.12,	2699812
0333,	0.00,	0.03,	-0.02,	295.00,	-0.06,	87.12,	2699828
0333,	-0.01,	0.06,	-0.06,	295.00,	-0.06,	87.12,	2699844
0333,	0.00,	0.06,	0.00,	295.00,	-0.06,	87.12,	2699863
0333,	0.00,	0.06,	0.00,	295.00,	-0.06,	87.12,	2699878
0333,	0.00,	0.05,	-0.07,	295.00,	-0.06,	87.12,	2699894
0333,	0.00,	0.04,	0.01,	295.00,	-0.06,	87.12,	2699913
0333,	-0.03,	0.05,	0.00,	295.00,	-0.06,	87.12,	2699928
0333,	0.00,	0.06,	-0.08,	295.00,	-0.06,	87.12,	2699944
0333,	-0.02,	0.06,	-0.03,	295.00,	-0.06,	87.12,	2699963
0333,	-0.03,	0.04,	-0.01,	295.00,	-0.06,	87.12,	2699978
0333,	-0.01,	0.06,	-0.08,	295.00,	-0.06,	87.12,	2699995
0333,	-0.01,	0.04,	0.01,	295.00,	-0.06,	87.12,	2700013
0333,	0.00,	0.05,	0.00,	295.00,	-0.06,	87.12,	2700028
0333,	0.00,	0.04,	-0.06,	295.00,	-0.06,	87.12,	2700045
0333,	0.00,	0.04,	0.00,	295.00,	-0.06,	87.12,	2700063
0333,	0.00,	0.05,	-0.04,	295.00,	-0.06,	87.12,	2700079
0333,	-0.01,	0.03,	-0.06,	295.00,	-0.06,	87.12,	2700095
0333,	-0.02,	0.02,	0.00,	295.00,	-0.06,	87.12,	2700113
0333,	-0.01,	0.05,	-0.03,	295.00,	-0.06,	87.12,	2700129
0333,	0.00,	0.05,	-0.11,	295.00,	-0.06,	87.12,	2700145
0333,	-0.02,	0.04,	-0.01,	295.00,	-0.06,	87.12,	2700164
0333,	-0.01,	0.04,	0.02,	295.00,	-0.06,	87.12,	2700179
0333,	0.00,	0.05,	-0.07,	295.00,	-0.06,	87.12,	2700195
0333,	-0.03,	0.03,	-0.01,	295.00,	-0.06,	87.12,	2700214
0333,	-0.01,	0.02,	-0.05,	295.00,	-0.06,	87.12,	2700229
0333,	-0.02,	0.06,	-0.09,	295.00,	-0.06,	87.12,	2700246
0333,	0.00,	0.04,	-0.01,	295.00,	-0.06,	87.12,	2700263
0333,	-0.01,	0.04,	0.00,	295.00,	-0.06,	87.12,	2700279
0333,	-0.03,	0.04,	-0.10,	295.00,	-0.06,	87.12,	2700296
0333,	0.00,	0.04,	-0.01,	295.00,	-0.06,	87.12,	2700313
0333,	0.00,	0.04,	0.03,	295.00,	-0.06,	87.12,	2700329
0333,	-0.01,	0.05,	-0.09,	295.00,	-0.06,	87.12,	2700346
0333,	-0.01,	0.03,	-0.02,	295.00,	-0.06,	87.12,	2700363
0333,	0.00,	0.05,	-0.03,	295.00,	-0.06,	87.12,	2700380
0333,	0.00,	0.04,	-0.08,	295.00,	-0.06,	87.12,	2700396
0333,	0.00,	0.06,	-0.01,	295.00,	-0.06,	87.12,	2700413
0333,	0.00,	0.06,	0.00,	295.00,	-0.06,	87.12,	2700430
0333,	-0.05,	0.07,	-0.08,	295.00,	-0.06,	87.12,	2700445
0333,	-0.02,	0.04,	-0.01,	295.00,	-0.06,	87.12,	2700464
0333,	-0.03,	0.06,	0.01,	295.00,	-0.06,	87.12,	2700480
0333,	0.01,	0.04,	-0.10,	295.00,	-0.06,	87.12,	2700496
0333,	-0.02,	0.06,	-0.03,	295.00,	-0.06,	87.12,	2700514
0333,	-0.01,	0.03,	-0.02,	295.00,	-0.06,	87.12,	2700530
0333,	0.00,	0.04,	-0.10,	295.00,	-0.06,	87.12,	2700546
0333,	0.03,	0.04,	0.02,	295.00,	-0.06,	87.12,	2700564
0333,	0.86,	0.09,	0.29,	294.88,	-0.06,	87.12,	2700579
0333,	-0.92,	0.00,	0.68,	294.81,	-0.06,	87.12,	2700596
0333,	-0.59,	-0.04,	1.31,	295.06,	-0.06,	87.12,	2700614
0333,	2.99,	0.51,	3.95,	295.56,	-0.06,	87.12,	2700630
0333,	-1.06,	0.02,	3.82,	295.56,	-0.06,	87.12,	2700646
0333,	0.61,	1.07,	4.48,	295.56,	-0.06,	87.12,	2700664
0333,	0.10,	0.16,	4.93,	295.56,	-0.06,	87.19,	2700680
0333,	0.38,	0.50,	4.84,	295.50,	-0.06,	87.19,	2700696
0333,	0.38,	0.70,	4.39,	295.38,	0.00,	87.19,	2700715
0333,	0.49,	-0.07,	3.76,	295.19,	-0.06,	87.19,	2700730
0333,	0.32,	0.99,	3.08,	295.13,	0.00,	87.19,	2700746
0333,	0.68,	0.57,	2.44,	295.00,	-0.06,	87.19,	2700765
1333,	1.66,	-0.04,	1.39,	294.94,	-0.06,	87.19,	2700780
1333,	0.85,	0.04,	0.84,	294.81,	-0.12,	87.19,	2700796
1333,	0.80,	-0.12,	-0.07,	294.63,	-0.12,	87.19,	2700815
1333,	-0.05,	-1.24,	-1.41,	294.38,	-0.12,	87.19,	2700830
1333,	-0.16,	-0.31,	-1.73,	294.25,	-0.12,	87.25,	2700847
1333,	-1.41,	-0.82,	-2.85,	294.06,	-0.12,	87.25,	2700865
1333,	-0.59,	-0.39,	-3.33,	294.00,	-0.12,	87.25,	2700880
1333,	-0.75,	0.00,	-3.91,	294.06,	-0.12,	87.25,	2700897
1333,	-0.66,	0.04,	-4.05,	294.19,	-0.06,	87.25,	2700915
1333,	-0.51,	-0.30,	-3.67,	294.38,	-0.06,	87.25,	2700931
1333,	-0.28,	-0.38,	-3.54,	294.38,	-0.06,	87.25,	2700947
1333,	-0.62,	0.21,	-1.98,	294.50,	-0.12,	87.25,	2700964
1333,	-0.24,	-0.28,	-0.66,	294.63,	-0.12,	87.25,	2700981
1333,	0.11,	0.13,	-0.11,	294.69,	-0.12,	87.25,	2700997
1333,	-0.15,	-0.37,	-1.18,	294.75,	-0.12,	87.19,	2701016
2333,	-2.13,	-0.16,	-1.49,	294.50,	-0.19,	87.19,	2701031
2333,	-1.05,	-0.20,	-0.68,	294.44,	-0.19,	87.19,	2701047
2333,	-0.42,	0.31,	-0.69,	294.50,	-0.19,	87.19,	2701066
2333,	0.69,	0.08,	-0.62,	294.50,	-0.19,	87.19,	2701081
2333,	-0.06,	0.09,	-0.53,	294.38,	-0.25,	87.19,	2701097
2333,	-0.76,	-0.12,	-2.21,	294.13,	-0.19,	87.19,	2701115
2333,	-0.19,	-0.08,	-3.07,	293.94,	-0.19,	87.19,	2701131
2333,	-0.29,	0.01,	-1.13,	293.88,	-0.19,	87.19,	2701147
2333,	0.01,	0.02,	-0.04,	293.88,	-0.19,	87.19,	2701165
2333,	-0.01,	0.05,	-0.07,	293.88,	-0.19,	87.19,	2701181
2333,	0.00,	0.05,	-0.12,	293.88,	-0.19,	87.19,	2701198
2333,	-0.02,	0.04,	-0.02,	293.88,	-0.12,	87.19,	2701215
2333,	0.00,	0.04,	0.01,	294.00,	-0.19,	87.19,	2701232
2333,	0.01,	0.06,	-0.11,	294.06,	-0.19,	87.19,	2701247
2333,	0.05,	0.05,	0.01,	294.06,	-0.19,	87.19,	2701265
2333,	0.00,	0.04,	-0.02,	294.13,	-0.19,	87.19,	2701281
2333,	0.00,	0.06,	-0.10,	294.13,	-0.19,	87.19,	2701297
2333,	0.00,	0.05,	0.00,	294.13,	-0.19,	87.19,	2701316
2333,	-0.06,	0.03,	-0.02,	294.13,	-0.19,	87.19,	2701331
2333,	-0.09,	0.05,	-0.13,	294.13,	-0.19,	87.19,	2701347
2333,	-0.06,	0.02,	-0.19,	294.25,	-0.19,	87.19,	2701366
2333,	0.08,	0.06,	0.11,	294.25,	-0.19,	87.19,	2701381
2333,	-0.01,	0.05,	-0.09,	294.25,	-0.19,	87.19,	2701398
2333,	0.00,	0.03,	-0.02,	294.31,	-0.19,	87.19,	2701416
2333,	-0.01,	0.04,	0.02,	294.31,	-0.19,	87.19,	2701431
2333,	0.00,	0.04,	-0.11,	294.31,	-0.19,	87.19,	2701448
2333,	0.00,	0.04,	-0.02,	294.31,	-0.19,	87.19,	2701466
2333,	0.00,	0.02,	-0.01,	294.31,	-0.19,	87.19,	2701481
2333,	0.00,	0.03,	-0.10,	294.31,	-0.19,	87.19,	2701498
2333,	0.00,	0.06,	0.00,	294.31,	-0.19,	87.19,	2701516
2333,	0.00,	0.05,	0.00,	294.31,	-0.19,	87.19,	2701532
2333,	-0.01,	0.04,	-0.08,	294.31,	-0.19,	87.19,	2701548
2333,	0.00,	0.05,	0.00,	294.31,	-0.19,	87.19,	2701566
2333,	0.01,	0.05,	-0.05,	294.31,	-0.19,	87.19,	2701582
2333,	0.00,	0.04,	-0.12,	294.31,	-0.19,	87.19,	2701598
2333,	0.00,	0.04,	-0.01,	294.31,	-0.19,	87.19,	2701617
2333,	0.00,	0.04,	0.00,	294.31,	-0.19,	87.19,	2701632
2333,	0.00,	0.04,	-0.10,	294.31,	-0.19,	87.19,	2701648
2333,	0.00,	0.04,	0.00,	294.31,	-0.19,	87.19,	2701667
2333,	0.01,	0.03,	0.01,	294.31,	-0.19,	87.19,	2701682
2333,	0.00,	0.06,	-0.08,	294.31,	-0.19,	87.19,	2701699
2333,	0.00,	0.06,	-0.03,	294.31,	-0.19,	87.19,	2701716
2333,	0.00,	0.05,	-0.04,	294.31,	-0.19,	87.19,	2701732
2333,	0.00,	0.02,	-0.10,	294.31,	-0.19,	87.19,	2701749
2333,	0.01,	0.04,	-0.01,	294.31,	-0.19,	87.19,	2701766
2333,	0.00,	0.04,	-0.02,	294.31,	-0.19,	87.19,	2701783
2333,	0.02,	0.06,	-0.09,	294.31,	-0.19,	87.19,	2701799
2333,	0.00,	0.04,	0.00,	294.31,	-0.19,	87.19,	2701816
2333,	0.00,	0.04,	0.02,	294.31,	-0.19,	87.19,	2701833
2333,	0.01,	0.05,	-0.11,	294.31,	-0.19,	87.19,	2701849
2333,	0.00,	0.06,	-0.01,	294.31,	-0.19,	87.19,	2701867
2333,	0.00,	0.03,	-0.06,	294.31,	-0.19,	87.19,	2701883
2333,	0.00,	0.03,	-0.12,	294.31,	-0.19,	87.19,	2701898
2333,	0.00,	0.07,	-0.01,	294.31,	-0.19,	87.19,	2701917
2333,	0.00,	0.06,	0.00,	294.31,	-0.19,	87.19,	2701933
2333,	0.00,	0.02,	-0.10,	294.31,	-0.19,	87.19,	2701948
2333,	0.00,	0.05,	0.00,	294.31,	-0.19,	87.19,	2701967
2333,	0.00,	0.06,	0.01,	294.31,	-0.19,	87.19,	2701982
2333,	0.00,	0.03,	-0.10,	294.31,	-0.19,	87.19,	2701999
2333,	0.00,	0.02,	-0.04,	294.31,	-0.19,	87.19,	2702017
2333,	0.00,	0.05,	-0.03,	294.31,	-0.19,	87.19,	2702032
2333,	0.00,	0.05,	-0.09,	294.31,	-0.19,	87.19,	2702049
2333,	0.00,	0.06,	-0.02,	294.31,	-0.19,	87.19,	2702067
2333,	0.00,	0.04,	0.00,	294.31,	-0.19,	87.19,	2702083
2333,	0.00,	0.06,	-0.08,	294.31,	-0.19,	87.19,	2702099
2333,	0.01,	0.04,	-0.01,	294.31,	-0.19,	87.19,	2702117
2333,	0.00,	0.05,	-0.03,	294.31,	-0.19,	87.19,	2702133
2333,	0.00,	0.06,	-0.11,	294.31,	-0.19,	87.19,	2702149
2333,	0.01,	0.05,	-0.02,	294.31,	-0.19,	87.19,	2702168
2333,	0.00,	0.04,	-0.02,	294.31,	-0.19,	87.19,	2702183
2333,	0.00,	0.06,	-0.11,	294.31,	-0.19,	87.19,	2702199
2333,	0.01,	0.05,	-0.01,	294.31,	-0.19,	87.19,	2702218
2333,	0.01,	0.02,	0.00,	294.31,	-0.19,	87.19,	2702233
2333,	0.00,	0.05,	-0.11,	294.31,	-0.19,	87.19,	2702249
2333,	0.01,	0.05,	0.00,	294.31,	-0.19,	87.19,	2702268
2333,	0.00,	0.03,	-0.03,	294.31,	-0.19,	87.19,	2702283
2333,	0.00,	0.03,	-0.11,	294.31,	-0.19,	87.19,	2702300
2333,	0.00,	0.07,	-0.01,	294.31,	-0.19,	87.19,	2702318
2333,	0.00,	0.01,	0.01,	294.31,	-0.19,	87.19,	2702333
2333,	-0.01,	0.03,	-0.12,	294.31,	-0.19,	87.19,	2702350
2333,	0.01,	0.05,	-0.03,	294.31,	-0.19,	87.19,	2702368
2333,	0.00,	0.06,	0.02,	294.31,	-0.19,	87.19,	2702384
2333,	0.00,	0.05,	-0.08,	294.31,	-0.19,	87.19,	2702400
2333,	0.00,	0.04,	-0.02,	294.31,	-0.19,	87.19,	2702417
2333,	0.00,	0.05,	-0.02,	294.31,	-0.19,	87.19,	2702434
2333,	0.00,	0.05,	-0.11,	294.31,	-0.19,	87.19,	2702450
2333,	0.02,	0.07,	-0.02,	294.31,	-0.19,	87.19,	2702468
2333,	0.01,	0.04,	-0.03,	294.31,	-0.19,	87.19,	2702484
2333,	0.01,	0.07,	-0.09,	294.31,	-0.19,	87.19,	2702500
2333,	0.00,	0.03,	-0.01,	294.31,	-0.19,	87.19,	2702518
2333,	0.02,	0.05,	-0.05,	294.31,	-0.19,	87.19,	2702534
2333,	0.00,	0.05,	-0.11,	294.31,	-0.19,	87.19,	2702551
2333,	0.00,	0.04,	0.00,	294.31,	-0.19,	87.19,	2702568
2333,	0.01,	0.03,	-0.01,	294.31,	-0.19,	87.19,	2702584
2333,	0.00,	0.04,	-0.08,	294.31,	-0.19,	87.19,	2702601
2333,	0.00,	0.06,	-0.02,	294.31,	-0.19,	87.19,	2702618
2333,	0.00,	0.05,	0.00,	294.31,	-0.19,	87.19,	2702633
2333,	0.01,	0.03,	-0.05,	294.31,	-0.19,	87.19,	2702650
2333,	0.02,	0.06,	-0.03,	294.31,	-0.19,	87.19,	2702668
2333,	0.00,	0.04,	-0.03,	294.31,	-0.19,	87.19,	2702685
2333,	0.00,	0.06,	-0.10,	294.31,	-0.19,	87.19,	2702700
2333,	0.03,	0.05,	-0.03,	294.31,	-0.19,	87.19,	2702718
2333,	0.01,	0.05,	0.00,	294.31,	-0.19,	87.19,	2702734
2333,	0.01,	0.03,	-0.10,	294.31,	-0.19,	87.19,	2702750
2333,	0.01,	0.04,	0.00,	294.31,	-0.19,	87.19,	2702769
2333,	0.00,	0.05,	0.01,	294.31,	-0.19,	87.19,	2702784
2333,	0.00,	0.04,	-0.09,	294.31,	-0.19,	87.19,	2702800
2333,	0.00,	0.03,	-0.01,	294.31,	-0.19,	87.19,	2702819
2333,	0.01,	0.03,	-0.04,	294.31,	-0.19,	87.19,	2702834
2333,	0.01,	0.05,	-0.11,	294.31,	-0.19,	87.19,	2702851
2333,	0.00,	0.05,	0.00,	294.31,	-0.19,	87.19,	2702869
2333,	0.00,	0.04,	0.00,	294.31,	-0.19,	87.19,	2702884
2333,	0.01,	0.06,	-0.10,	294.31,	-0.19,	87.19,	2702901
2333,	0.00,	0.03,	-0.01,	294.31,	-0.19,	87.19,	2702919
2333,	0.00,	0.04,	0.01,	294.31,	-0.19,	87.19,	2702935
2333,	0.01,	0.06,	-0.09,	294.31,	-0.19,	87.19,	2702951
2333,	0.00,	0.03,	-0.04,	294.31,	-0.19,	87.19,	2702969
2333,	0.01,	0.04,	-0.03,	294.31,	-0.19,	87.19,	2702985
2333,	0.00,	0.04,	-0.13,	294.31,	-0.19,	87.19,	2703001
2333,	0.00,	0.03,	-0.01,	294.31,	-0.19,	87.19,	2703020
2333,	0.00,	0.05,	0.01,	294.31,	-0.19,	87.19,	2703035
2333,	0.00,	0.04,	-0.07,	294.31,	-0.19,	87.19,	2703051
2333,	0.01,	0.05,	-0.02,	294.31,	-0.19,	87.19,	2703070
2333,	0.00,	0.06,	-0.07,	294.31,	-0.19,	87.19,	2703085
2333,	0.00,	0.06,	-0.11,	294.31,	-0.19,	87.19,	2703101
2333,	0.00,	0.02,	-0.04,	294.31,	-0.19,	87.19,	2703120
2333,	0.00,	0.04,	0.00,	294.31,	-0.19,	87.19,	2703135
2333,	0.00,	0.04,	-0.08,	294.31,	-0.19,	87.19,	2703152
2333,	0.00,	0.04,	-0.01,	294.31,	-0.19,	87.19,	2703170
2333,	0.00,	0.04,	-0.01,	294.31,	-0.19,	87.19,	2703185
2333,	0.02,	0.05,	-0.10,	294.31,	-0.19,	87.19,	2703202
2333,	0.00,	0.02,	0.00,	294.31,	-0.19,	87.19,	2703219
2333,	0.00,	0.05,	-0.03,	294.31,	-0.19,	87.19,	2703236
2333,	0.01,	0.05,	-0.11,	294.31,	-0.19,	87.19,	2703252
2333,	0.02,	0.06,	-0.01,	294.31,	-0.19,	87.19,	2703269
2333,	0.00,	0.03,	0.00,	294.31,	-0.19,	87.19,	2703286
2333,	0.00,	0.05,	-0.09,	294.31,	-0.19,	87.19,	2703302
2333,	0.00,	0.07,	-0.02,	294.31,	-0.19,	87.19,	2703320
2333,	0.00,	0.04,	0.00,	294.31,	-0.19,	87.19,	2703336
2333,	0.00,	0.04,	-0.11,	294.31,	-0.19,	87.19,	2703351
2333,	0.00,	0.04,	-0.05,	294.31,	-0.19,	87.19,	2703370
2333,	0.01,	0.05,	-0.02,	294.31,	-0.19,	87.19,	2703385
2333,	0.02,	0.03,	-0.11,	294.31,	-0.19,	87.19,	2703401
2333,	0.00,	0.04,	0.00,	294.31,	-0.19,	87.19,	2703420
2333,	0.00,	0.04,	0.00,	294.31,	-0.19,	87.19,	2703435
2333,	0.00,	0.04,	-0.08,	294.31,	-0.19,	87.19,	2703452
2333,	0.00,	0.01,	-0.01,	294.31,	-0.19,	87.19,	2703470
2333,	0.00,	0.04,	0.02,	294.31,	-0.19,	87.19,	2703485
2333,	0.01,	0.06,	-0.12,	294.31,	-0.19,	87.19,	2703502
2333,	0.00,	0.05,	-0.01,	294.31,	-0.19,	87.19,	2703520
2333,	0.00,	0.05,	-0.02,	294.31,	-0.19,	87.19,	2703536
2333,	0.01,	0.07,	-0.12,	294.31,	-0.19,	87.19,	2703552
2333,	0.01,	0.03,	0.00,	294.31,	-0.19,	87.19,	2703570
2333,	0.00,	0.05,	0.00,	294.31,	-0.19,	87.19,	2703586
2333,	0.00,	0.07,	-0.08,	294.31,	-0.19,	87.19,	2703602
2333,	0.00,	0.05,	-0.03,	294.31,	-0.19,	87.19,	2703621
2333,	0.00,	0.04,	-0.04,	294.31,	-0.19,	87.19,	2703636
2333,	0.00,	0.01,	-0.11,	294.31,	-0.19,	87.19,	2703652
2333,	0.00,	0.04,	0.00,	294.31,	-0.19,	87.19,	2703671
2333,	0.00,	0.04,	0.00,	294.31,	-0.19,	87.19,	2703686
2333,	-0.01,	0.05,	-0.09,	294.31,	-0.19,	87.19,	2703703
2333,	0.00,	0.05,	0.00,	294.31,	-0.19,	87.19,	2703721
2333,	0.00,	0.03,	-0.01,	294.31,	-0.19,	87.19,	2703736
2333,	0.00,	0.05,	-0.07,	294.31,	-0.19,	87.19,	2703753
2333,	0.00,	0.04,	-0.03,	294.31,	-0.19,	87.19,	2703771
2333,	0.01,	0.05,	-0.05,	294.31,	-0.19,	87.19,	2703787
2333,	0.01,	0.06,	-0.09,	294.31,	-0.19,	87.19,	2703803
2333,	0.00,	0.04,	-0.03,	294.31,	-0.19,	87.19,	2703821
2333,	0.00,	0.06,	-0.03,	294.31,	-0.19,	87.19,	2703837
2333,	-0.01,	0.02,	-0.09,	294.31,	-0.19,	87.19,	2703853
2333,	0.01,	0.06,	-0.02,	294.31,	-0.19,	87.19,	2703870
2333,	-0.01,	0.06,	0.02,	294.31,	-0.19,	87.19,	2703887
2333,	0.00,	0.05,	-0.11,	294.31,	-0.19,	87.19,	2703903
2333,	0.00,	0.03,	-0.02,	294.31,	-0.19,	87.19,	2703922
2333,	0.00,	0.06,	-0.02,	294.31,	-0.19,	87.19,	2703937
2333,	0.01,	0.05,	-0.11,	294.31,	-0.19,	87.19,	2703953
2333,	0.00,	0.01,	-0.02,	294.31,	-0.19,	87.19,	2703971
2333,	0.01,	0.04,	0.01,	294.31,	-0.19,	87.19,	2703987
2333,	0.00,	0.04,	-0.09,	294.31,	-0.19,	87.19,	2704004
2333,	0.01,	0.05,	-0.02,	294.31,	-0.19,	87.19,	2704021
2333,	0.01,	0.02,	-0.08,	294.31,	-0.19,	87.19,	2704037
2333,	0.00,	0.07,	-0.10,	294.31,	-0.19,	87.19,	2704054
2333,	0.00,	0.04,	-0.03,	294.31,	-0.19,	87.19,	2704071
2333,	0.00,	0.06,	-0.04,	294.31,	-0.19,	87.19,	2704088
2333,	0.00,	0.03,	-0.07,	294.31,	-0.19,	87.19,	2704104
2333,	0.00,	0.04,	0.00,	294.31,	-0.19,	87.19,	2704121
2333,	0.00,	0.04,	0.00,	294.31,	-0.19,	87.19,	2704138
2333,	0.01,	0.04,	-0.08,	294.31,	-0.19,	87.19,	2704153
2333,	0.00,	0.03,	-0.01,	294.31,	-0.19,	87.19,	2704172
2333,	0.01,	0.06,	-0.05,	294.31,	-0.19,	87.19,	2704188
2333,	0.00,	0.04,	-0.11,	294.31,	-0.19,	87.19,	2704204
2333,	0.02,	0.06,	-0.05,	294.31,	-0.19,	87.19,	2704222
2333,	0.00,	0.04,	0.00,	294.31,	-0.19,	87.19,	2704238
2333,	0.01,	0.04,	-0.11,	294.31,	-0.19,	87.19,	2704253
2333,	0.00,	0.05,	0.00,	294.31,	-0.19,	87.19,	2704272
2333,	0.00,	0.07,	0.02,	294.31,	-0.19,	87.19,	2704287
2333,	0.00,	0.04,	-0.08,	294.31,	-0.19,	87.19,	2704304
2333,	0.00,	0.04,	0.00,	294.31,	-0.19,	87.19,	2704322
2333,	0.00,	0.07,	-0.02,	294.31,	-0.19,	87.19,	2704337
2333,	0.01,	0.05,	-0.11,	294.31,	-0.19,	87.19,	2704354
2333,	0.01,	0.05,	0.00,	294.31,	-0.19,	87.19,	2704372
2333,	0.00,	0.05,	0.00,	294.31,	-0.19,	87.19,	2704388
2333,	0.00,	0.04,	-0.08,	294.31,	-0.19,	87.19,	2704404
2333,	0.01,	0.03,	-0.04,	294.31,	-0.19,	87.19,	2704422
2333,	0.00,	0.03,	0.03,	294.31,	-0.19,	87.19,	2704438
2333,	0.00,	0.05,	-0.08,	294.31,	-0.19,	87.19,	2704454
2333,	0.01,	0.03,	-0.02,	294.31,	-0.19,	87.19,	2704473
2333,	0.00,	0.06,	-0.02,	294.31,	-0.19,	87.19,	2704488
2333,	0.02,	0.03,	-0.07,	294.31,	-0.19,	87.19,	2704504
2333,	0.00,	0.02,	0.00,	294.31,	-0.19,	87.19,	2704523
2333,	0.00,	0.04,	0.00,	294.31,	-0.19,	87.19,	2704538
2333,	0.00,	0.05,	-0.09,	294.31,	-0.19,	87.19,	2704555
2333,	0.01,	0.06,	-0.01,	294.31,	-0.19,	87.19,	2704573
2333,	0.00,	0.05,	-0.04,	294.31,	-0.19,	87.19,	2704588
2333,	0.00,	0.04,	-0.08,	294.31,	-0.19,	87.19,	2704605
2333,	0.00,	0.06,	-0.02,	294.31,	-0.19,	87.19,	2704623
2333,	0.00,	0.04,	-0.01,	294.31,	-0.19,	87.19,	2704638
2333,	0.00,	0.05,	-0.11,	294.31,	-0.19,	87.19,	2704655
2333,	0.00,	0.05,	0.00,	294.31,	-0.19,	87.19,	2704672
2333,	0.00,	0.03,	0.02,	294.31,	-0.19,	87.19,	2704689
2333,	0.00,	0.05,	-0.09,	294.31,	-0.19,	87.19,	2704705
2333,	0.00,	0.03,	-0.01,	294.31,	-0.19,	87.19,	2704722
2333,	0.00,	0.05,	-0.06,	294.31,	-0.19,	87.19,	2704739
2333,	0.00,	0.06,	-0.14,	294.31,	-0.19,	87.19,	2704755
2333,	0.00,	0.05,	-0.02,	294.31,	-0.19,	87.19,	2704773
2333,	0.00,	0.06,	0.00,	294.31,	-0.19,	87.19,	2704789
2333,	0.01,	0.06,	-0.10,	294.31,	-0.19,	87.19,	2704805
2333,	0.00,	0.03,	0.00,	294.31,	-0.19,	87.19,	2704823
2333,	0.00,	0.04,	0.02,	294.31,	-0.19,	87.19,	2704839
2333,	0.00,	0.03,	-0.09,	294.31,	-0.19,	87.19,	2704856
2333,	0.00,	0.06,	-0.01,	294.31,	-0.19,	87.19,	2704873
2333,	0.00,	0.03,	-0.03,	294.31,	-0.19,	87.19,	2704889
2333,	0.00,	0.02,	-0.11,	294.31,	-0.19,	87.19,	2704906
2333,	0.00,	0.04,	0.00,	294.31,	-0.19,	87.19,	2704923
2333,	0.00,	0.05,	0.00,	294.31,	-0.19,	87.19,	2704940
2333,	0.00,	0.04,	-0.11,	294.31,	-0.19,	87.19,	2704955
2333,	0.00,	0.05,	-0.01,	294.31,	-0.19,	87.19,	2704973
2333,	0.00,	0.05,	-0.06,	294.31,	-0.19,	87.19,	2704989
2333,	0.00,	0.05,	-0.11,	294.31,	-0.19,	87.19,	2705005
2333,	0.00,	0.05,	-0.01,	294.31,	-0.19,	87.19,	2705024
2333,	0.01,	0.05,	-0.03,	294.31,	-0.19,	87.19,	2705039
2333,	0.01,	0.03,	-0.11,	294.31,	-0.19,	87.19,	2705055
2333,	0.01,	0.06,	0.00,	294.31,	-0.19,	87.19,	2705074
2333,	0.00,	0.04,	0.01,	294.31,	-0.19,	87.19,	2705090
2333,	0.00,	0.04,	-0.10,	294.31,	-0.19,	87.19,	2705105
2333,	0.00,	0.04,	-0.01,	294.31,	-0.19,	87.19,	2705124
2333,	0.00,	0.01,	-0.03,	294.31,	-0.19,	87.19,	2705139
2333,	0.00,	0.03,	-0.10,	294.31,	-0.19,	87.19,	2705156
2333,	0.00,	0.02,	-0.03,	294.31,	-0.19,	87.19,	2705174
2333,	0.01,	0.04,	-0.01,	294.31,	-0.19,	87.19,	2705189
2333,	0.00,	0.02,	-0.08,	294.31,	-0.19,	87.19,	2705206
2333,	0.00,	0.03,	-0.02,	294.31,	-0.19,	87.19,	2705224
2333,	0.00,	0.06,	0.00,	294.31,	-0.19,	87.19,	2705240
2333,	0.01,	0.05,	-0.10,	294.31,	-0.19,	87.19,	2705256
2333,	0.00,	0.02,	-0.02,	294.31,	-0.19,	87.19,	2705274
2333,	0.00,	0.04,	-0.03,	294.31,	-0.19,	87.19,	2705290
2333,	0.02,	0.05,	-0.11,	294.31,	-0.19,	87.19,	2705306
2333,	0.00,	0.05,	-0.02,	294.31,	-0.19,	87.19,	2705325
2333,	0.00,	0.04,	-0.01,	294.31,	-0.19,	87.19,	2705340
2333,	-0.01,	0.06,	-0.11,	294.31,	-0.19,	87.19,	2705356
2333,	0.01,	0.06,	-0.02,	294.31,	-0.19,	87.19,	2705375
2333,	0.00,	0.03,	-0.01,	294.31,	-0.19,	87.19,	2705390
2333,	0.00,	0.05,	-0.09,	294.31,	-0.19,	87.19,	2705406
2333,	0.01,	0.04,	0.00,	294.31,	-0.19,	87.19,	2705425
2333,	0.00,	0.06,	-0.02,	294.31,	-0.19,	87.19,	2705440
2333,	0.00,	0.03,	-0.10,	294.31,	-0.19,	87.19,	2705457
2333,	0.00,	0.04,	-0.01,	294.31,	-0.19,	87.19,	2705475
2333,	0.00,	0.04,	0.00,	294.31,	-0.19,	87.19,	2705490
2333,	0.01,	0.05,	-0.08,	294.31,	-0.19,	87.19,	2705507
2333,	0.00,	0.05,	0.00,	294.31,	-0.19,	87.19,	2705525
2333,	0.00,	0.02,	-0.05,	294.31,	-0.19,	87.19,	2705541
2333,	0.01,	0.05,	-0.08,	294.31,	-0.19,	87.19,	2705557
2333,	0.01,	0.02,	-0.01,	294.31,	-0.19,	87.19,	2705574
2333,	0.00,	0.05,	0.00,	294.31,	-0.19,	87.19,	2705591
2333,	0.00,	0.03,	-0.06,	294.31,	-0.19,	87.19,	2705607
2333,	0.00,	0.05,	-0.03,	294.31,	-0.19,	87.19,	2705625
2333,	-0.01,	0.06,	0.00,	294.31,	-0.19,	87.19,	2705641
2333,	0.00,	0.04,	-0.11,	294.31,	-0.19,	87.19,	2705657
2333,	0.00,	0.04,	-0.02,	294.31,	-0.19,	87.19,	2705675
2333,	0.00,	0.03,	-0.01,	294.31,	-0.19,	87.19,	2705691
2333,	0.00,	0.07,	-0.08,	294.31,	-0.19,	87.19,	2705708
2333,	0.01,	0.02,	-0.03,	294.31,	-0.19,	87.19,	2705725
2333,	0.00,	0.07,	-0.02,	294.31,	-0.19,	87.19,	2705741
2333,	0.00,	0.06,	-0.05,	294.31,	-0.19,	87.19,	2705758
2333,	0.01,	0.05,	-0.03,	294.31,	-0.19,	87.19,	2705775
2333,	0.00,	0.02,	0.02,	294.31,	-0.19,	87.19,	2705792
2333,	0.00,	0.02,	-0.11,	294.31,	-0.19,	87.19,	2705807
2333,	0.00,	0.03,	-0.02,	294.31,	-0.19,	87.19,	2705825
2333,	0.01,	0.02,	-0.02,	294.31,	-0.19,	87.19,	2705842
2333,	0.01,	0.04,	-0.10,	294.31,	-0.19,	87.19,	2705857
2333,	0.00,	0.04,	-0.01,	294.31,	-0.19,	87.19,	2705875
2333,	0.02,	0.04,	-0.01,	294.31,	-0.19,	87.19,	2705892
2333,	0.02,	0.02,	-0.08,	294.31,	-0.19,	87.19,	2705907
2333,	0.00,	0.03,	0.00,	294.31,	-0.19,	87.19,	2705926
2333,	0.00,	0.05,	0.01,	294.31,	-0.19,	87.19,	2705941
2333,	0.00,	0.05,	-0.10,	294.31,	-0.19,	87.19,	2705957
2333,	0.00,	0.01,	-0.02,	294.31,	-0.19,	87.19,	2705976
2333,	0.00,	0.04,	-0.02,	294.31,	-0.19,	87.19,	2705991
2333,	0.00,	0.05,	-0.10,	294.31,	-0.19,	87.19,	2706008
2333,	0.00,	0.05,	0.00,	294.31,	-0.19,	87.19,	2706026
2333,	0.01,	0.05,	0.00,	294.31,	-0.19,	87.19,	2706041
2333,	-0.03,	0.04,	-0.09,	294.31,	-0.19,	87.19,	2706058
2333,	0.00,	0.05,	-0.02,	294.31,	-0.19,	87.19,	2706076
2333,	-0.01,	0.03,	-0.06,	294.31,	-0.19,	87.19,	2706092
2333,	0.00,	0.01,	-0.10,	294.31,	-0.19,	87.19,	2706108
2333,	0.00,	0.05,	-0.03,	294.31,	-0.19,	87.19,	2706126
2333,	0.00,	0.04,	0.00,	294.31,	-0.19,	87.19,	2706142
2333,	0.00,	0.03,	-0.07,	294.31,	-0.19,	87.19,	2706158
2333,	0.00,	0.05,	0.00,	294.31,	-0.19,	87.19,	2706177
2333,	0.01,	0.03,	0.00,	294.31,	-0.19,	87.19,	2706192
2333,	0.00,	0.03,	-0.09,	294.31,	-0.19,	87.19,	2706208
2333,	0.00,	0.05,	0.00,	294.31,	-0.19,	87.19,	2706227
2333,	0.00,	0.04,	-0.04,	294.31,	-0.19,	87.19,	2706242
2333,	0.01,	0.03,	-0.11,	294.31,	-0.19,	87.19,	2706258
2333,	0.00,	0.03,	-0.03,	294.31,	-0.19,	87.19,	2706277
2333,	0.00,	0.06,	0.02,	294.31,	-0.19,	87.19,	2706292
2333,	0.01,	0.02,	-0.08,	294.31,	-0.19,	87.19,	2706309
2333,	0.00,	0.03,	0.00,	294.31,	-0.19,	87.19,	2706327
2333,	0.00,	0.05,	0.00,	294.31,	-0.19,	87.19,	2706342
2333,	0.01,	0.06,	-0.08,	294.31,	-0.19,	87.19,	2706359
2333,	0.00,	0.06,	-0.04,	294.31,	-0.19,	87.19,	2706376
2333,	0.00,	0.03,	-0.02,	294.31,	-0.19,	87.19,	2706393
2333,	0.01,	0.04,	-0.11,	294.31,	-0.19,	87.19,	2706409
2333,	0.00,	0.06,	0.03,	294.31,	-0.19,	87.19,	2706426
2333,	0.00,	0.01,	0.00,	294.31,	-0.19,	87.19,	2706443
2333,	0.04,	0.04,	-0.08,	294.31,	-0.19,	87.19,	2706459
2333,	0.00,	0.06,	-0.03,	294.31,	-0.19,	87.19,	2706477
2333,	0.03,	0.03,	-0.03,	294.31,	-0.19,	87.19,	2706493
2333,	0.00,	0.04,	-0.11,	294.31,	-0.19,	87.19,	2706509
2333,	0.02,	0.07,	0.00,	294.31,	-0.19,	87.19,	2706527
2333,	0.00,	0.04,	-0.01,	294.31,	-0.19,	87.19,	2706543
2333,	0.00,	0.07,	-0.09,	294.31,	-0.19,	87.19,	2706560
2333,	0.02,	0.03,	-0.01,	294.31,	-0.19,	87.19,	2706577
2333,	0.02,	0.05,	0.00,	294.31,	-0.19,	87.19,	2706593
2333,	0.00,	0.05,	-0.10,	294.31,	-0.19,	87.19,	2706609
2333,	0.01,	0.02,	-0.02,	294.31,	-0.19,	87.19,	2706627
2333,	0.02,	0.04,	-0.06,	294.31,	-0.19,	87.19,	2706642
2333,	0.01,	0.04,	-0.11,	294.31,	-0.19,	87.19,	2706659
2333,	0.00,	0.03,	0.00,	294.31,	-0.19,	87.19,	2706677
2333,	0.01,	0.04,	0.00,	294.31,	-0.19,	87.19,	2706693
2333,	0.00,	0.04,	-0.10,	294.31,	-0.19,	87.19,	2706709
2333,	0.00,	0.04,	0.00,	294.31,	-0.19,	87.19,	2706727
2333,	0.00,	0.05,	0.01,	294.31,	-0.19,	87.19,	2706743
2333,	0.00,	0.05,	-0.10,	294.31,	-0.19,	87.19,	2706759
2333,	0.02,	0.05,	-0.02,	294.31,	-0.19,	87.19,	2706778
2333,	0.00,	0.05,	-0.01,	294.31,	-0.19,	87.19,	2706793
2333,	0.00,	0.06,	-0.05,	294.31,	-0.19,	87.19,	2706809
2333,	0.00,	0.07,	0.00,	294.31,	-0.19,	87.19,	2706828
2333,	0.00,	0.05,	0.00,	294.31,	-0.19,	87.19,	2706843
2333,	0.00,	0.03,	-0.07,	294.31,	-0.19,	87.19,	2706860
2333,	0.00,	0.06,	-0.03,	294.31,	-0.19,	87.19,	2706878
2333,	0.00,	0.04,	0.01,	294.31,	-0.19,	87.19,	2706893
2333,	0.00,	0.02,	-0.09,	294.31,	-0.19,	87.19,	2706910
2333,	-0.01,	0.04,	-0.01,	294.31,	-0.19,	87.19,	2706928
2333,	0.01,	0.03,	-0.02,	294.31,	-0.19,	87.19,	2706944
2333,	0.00,	0.02,	-0.10,	294.31,	-0.19,	87.19,	2706960
2333,	0.00,	0.04,	0.00,	294.31,	-0.19,	87.19,	2706978
2333,	0.00,	0.02,	0.01,	294.31,	-0.19,	87.19,	2706994
2333,	0.00,	0.06,	-0.10,	294.31,	-0.19,	87.19,	2707010
2333,	0.00,	0.06,	-0.01,	294.31,	-0.19,	87.19,	2707027
2333,	0.00,	0.06,	-0.07,	294.31,	-0.19,	87.19,	2707044
2333,	0.00,	0.04,	-0.10,	294.31,	-0.19,	87.19,	2707060
2333,	0.00,	0.02,	-0.03,	294.31,	-0.19,	87.19,	2707078
2333,	0.01,	0.04,	-0.02,	294.31,	-0.19,	87.19,	2707094
2333,	0.01,	0.05,	-0.08,	294.31,	-0.19,	87.19,	2707110
2333,	0.01,	0.04,	-0.01,	294.31,	-0.19,	87.19,	2707128
2333,	0.00,	0.04,	0.00,	294.31,	-0.19,	87.19,	2707144
2333,	0.02,	0.05,	-0.09,	294.31,	-0.19,	87.19,	2707161
2333,	0.00,	0.03,	-0.02,	294.31,	-0.19,	87.19,	2707178
2333,	0.01,	0.06,	-0.07,	294.31,	-0.19,	87.19,	2707194
2333,	0.01,	0.06,	-0.10,	294.31,	-0.19,	87.19,	2707211
2333,	-0.01,	0.04,	-0.02,	294.31,	-0.19,	87.19,	2707228
2333,	0.00,	0.02,	-0.01,	294.31,	-0.19,	87.19,	2707245
2333,	0.00,	0.03,	-0.10,	294.31,	-0.19,	87.19,	2707261
2333,	0.01,	0.03,	-0.02,	294.31,	-0.19,	87.19,	2707278
2333,	0.01,	0.04,	0.01,	294.31,	-0.19,	87.19,	2707295
2333,	0.02,	0.06,	-0.10,	294.31,	-0.19,	87.19,	2707311
2333,	0.01,	0.05,	-0.01,	294.31,	-0.19,	87.19,	2707329
2333,	0.00,	0.06,	-0.03,	294.31,	-0.19,	87.19,	2707345
2333,	0.00,	0.04,	-0.10,	294.31,	-0.19,	87.19,	2707360
2333,	0.02,	0.03,	-0.01,	294.31,	-0.19,	87.19,	2707379
2333,	0.00,	0.05,	0.01,	294.31,	-0.19,	87.19,	2707394
2333,	0.02,	0.04,	-0.08,	294.31,	-0.19,	87.19,	2707410
2333,	0.01,	0.03,	0.00,	294.31,	-0.19,	87.19,	2707429
2333,	0.00,	0.05,	-0.05,	294.31,	-0.19,	87.19,	2707444
2333,	0.01,	0.03,	-0.10,	294.31,	-0.19,	87.19,	2707461
2333,	0.01,	0.06,	-0.02,	294.31,	-0.19,	87.19,	2707479
2333,	0.00,	0.05,	-0.02,	294.31,	-0.19,	87.19,	2707494
2333,	-0.01,	0.05,	-0.11,	294.31,	-0.19,	87.19,	2707511
2333,	0.00,	0.04,	-0.03,	294.31,	-0.19,	87.19,	2707529
2333,	0.01,	0.05,	-0.02,	294.31,	-0.19,	87.19,	2707545
2333,	0.00,	0.04,	-0.08,	294.31,	-0.19,	87.19,	2707561
2333,	0.00,	0.04,	0.00,	294.31,	-0.19,	87.19,	2707579
2333,	0.00,	0.03,	-0.05,	294.31,	-0.19,	87.19,	2707595
2333,	0.00,	0.04,	-0.09,	294.31,	-0.19,	87.19,	2707611
2333,	0.00,	0.05,	0.00,	294.31,	-0.19,	87.19,	2707630
2333,	0.00,	0.02,	-0.01,	294.31,	-0.19,	87.19,	2707645
2333,	0.00,	0.03,	-0.11,	294.31,	-0.19,	87.19,	2707661
2333,	0.00,	0.05,	0.00,	294.31,	-0.19,	87.19,	2707680
2333,	0.01,	0.04,	0.00,	294.31,	-0.19,	87.19,	2707695
2333,	0.00,	0.04,	-0.08,	294.31,	-0.19,	87.19,	2707712
2333,	0.00,	0.05,	-0.01,	294.31,	-0.19,	87.19,	2707729
2333,	0.01,	0.05,	-0.04,	294.31,	-0.19,	87.19,	2707745
2333,	0.00,	0.07,	-0.09,	294.31,	-0.19,	87.19,	2707762
2333,	0.00,	0.06,	0.00,	294.31,	-0.19,	87.19,	2707779
2333,	0.00,	0.04,	0.00,	294.31,	-0.19,	87.19,	2707795
2333,	0.01,	0.05,	-0.09,	294.31,	-0.19,	87.19,	2707811
2333,	0.00,	0.02,	0.00,	294.31,	-0.19,	87.19,	2707829
2333,	0.03,	0.04,	0.00,	294.31,	-0.19,	87.19,	2707846
2333,	0.00,	0.03,	-0.12,	294.31,	-0.19,	87.19,	2707861
2333,	0.00,	0.06,	-0.01,	294.31,	-0.19,	87.19,	2707879
2333,	0.02,	0.04,	-0.01,	294.31,	-0.19,	87.19,	2707895
2333,	0.00,	0.04,	-0.11,	294.31,	-0.19,	87.19,	2707911
2333,	0.01,	0.04,	-0.02,	294.31,	-0.19,	87.19,	2707930
2333,	0.00,	0.02,	0.01,	294.31,	-0.19,	87.19,	2707946
2333,	0.00,	0.04,	-0.09,	294.31,	-0.19,	87.19,	2707961
2333,	-0.01,	0.04,	0.00,	294.31,	-0.19,	87.19,	2707980
2333,	0.00,	0.03,	-0.07,	294.31,	-0.19,	87.19,	2707995
2333,	0.01,	0.04,	-0.10,	294.31,	-0.19,	87.19,	2708012
2333,	0.00,	0.03,	-0.04,	294.31,	-0.19,	87.19,	2708030
2333,	0.00,	0.06,	-0.02,	294.31,	-0.19,	87.19,	2708045
2333,	0.01,	0.05,	-0.11,	294.31,	-0.19,	87.19,	2708062
2333,	0.00,	0.04,	-0.01,	294.31,	-0.19,	87.19,	2708080
2333,	0.00,	0.05,	0.01,	294.31,	-0.19,	87.19,	2708096
2333,	0.01,	0.04,	-0.08,	294.31,	-0.19,	87.19,	2708112
2333,	0.00,	0.05,	-0.02,	294.31,	-0.19,	87.19,	2708130
2333,	0.02,	0.04,	-0.05,	294.31,	-0.19,	87.19,	2708146
2333,	0.00,	0.05,	-0.12,	294.31,	-0.19,	87.19,	2708162
2333,	0.00,	0.04,	-0.03,	294.31,	-0.19,	87.19,	2708180
2333,	0.01,	0.05,	0.00,	294.31,	-0.19,	87.19,	2708196
2333,	0.00,	0.04,	-0.08,	294.31,	-0.19,	87.19,	2708212
2333,	0.01,	0.06,	-0.02,	294.31,	-0.19,	87.19,	2708231
2333,	-0.01,	0.04,	0.00,	294.31,	-0.19,	87.19,	2708246
2333,	0.01,	0.05,	-0.10,	294.31,	-0.19,	87.19,	2708262
2333,	0.02,	0.04,	-0.01,	294.31,	-0.19,	87.19,	2708281
2333,	0.02,	0.05,	-0.04,	294.31,	-0.19,	87.19,	2708296
2333,	0.01,	0.05,	-0.07,	294.31,	-0.19,	87.19,	2708313
2333,	0.00,	0.03,	-0.01,	294.31,	-0.19,	87.19,	2708331
2333,	0.00,	0.03,	0.02,	294.31,	-0.19,	87.19,	2708346
2333,	0.01,	0.05,	-0.10,	294.31,	-0.19,	87.19,	2708363
2333,	-0.01,	0.05,	-0.01,	294.31,	-0.19,	87.19,	2708381
2333,	-0.01,	0.02,	0.01,	294.31,	-0.19,	87.19,	2708397
2333,	0.01,	0.04,	-0.08,	294.31,	-0.19,	87.19,	2708413
2333,	0.01,	0.04,	-0.03,	294.31,	-0.19,	87.19,	2708431
2333,	0.00,	0.06,	-0.04,	294.31,	-0.19,	87.19,	2708447
2333,	0.00,	0.03,	-0.12,	294.31,	-0.19,	87.19,	2708463
2333,	0.00,	0.04,	0.01,	294.31,	-0.19,	87.19,	2708481
2333,	0.00,	0.05,	0.03,	294.31,	-0.19,	87.19,	2708497
2333,	0.00,	0.05,	-0.09,	294.31,	-0.19,	87.19,	2708513
2333,	0.00,	0.04,	-0.01,	294.31,	-0.19,	87.19,	2708531
2333,	0.00,	0.04,	-0.05,	294.31,	-0.19,	87.19,	2708547
2333,	0.00,	0.03,	-0.10,	294.31,	-0.19,	87.19,	2708563
2333,	0.00,	0.04,	-0.03,	294.31,	-0.19,	87.19,	2708581
2333,	0.00,	0.02,	0.00,	294.31,	-0.19,	87.19,	2708597
2333,	0.01,	0.03,	-0.09,	294.31,	-0.19,	87.19,	2708614
2333,	0.00,	0.03,	-0.04,	294.31,	-0.19,	87.19,	2708631
2333,	0.00,	0.03,	0.01,	294.31,	-0.19,	87.19,	2708647
2333,	0.00,	0.05,	-0.08,	294.31,	-0.19,	87.19,	2708663
2333,	0.02,	0.04,	0.00,	294.31,	-0.19,	87.19,	2708681
2333,	0.00,	0.02,	-0.04,	294.31,	-0.19,	87.19,	2708698
2333,	0.01,	0.05,	-0.12,	294.31,	-0.19,	87.19,	2708713
2333,	0.01,	0.03,	0.01,	294.31,	-0.19,	87.19,	2708731
2333,	0.00,	0.04,	0.00,	294.31,	-0.19,	87.19,	2708748
2333,	0.00,	0.03,	-0.07,	294.31,	-0.19,	87.19,	2708763
2333,	0.00,	0.05,	-0.01,	294.31,	-0.19,	87.19,	2708782
2333,	0.00,	0.03,	0.02,	294.31,	-0.19,	87.19,	2708797
2333,	0.00,	0.05,	-0.10,	294.31,	-0.19,	87.19,	2708813
2333,	0.02,	0.04,	-0.01,	294.31,	-0.19,	87.19,	2708832
2333,	0.00,	0.04,	-0.02,	294.31,	-0.19,	87.19,	2708847
2333,	0.00,	0.04,	-0.10,	294.31,	-0.19,	87.19,	2708864
2333,	0.02,	0.06,	0.00,	294.31,	-0.19,	87.19,	2708882
2333,	0.00,	0.03,	0.00,	294.31,	-0.19,	87.19,	2708897
2333,	0.00,	0.04,	-0.10,	294.31,	-0.19,	87.19,	2708914
2333,	0.00,	0.03,	0.00,	294.31,	-0.19,	87.19,	2708932
2333,	0.00,	0.05,	-0.06,	294.31,	-0.19,	87.19,	2708947
2333,	0.00,	0.06,	-0.10,	294.31,	-0.19,	87.19,	2708964
2333,	0.00,	0.03,	-0.03,	294.31,	-0.19,	87.19,	2708982
2333,	0.01,	0.04,	-0.02,	294.31,	-0.19,	87.19,	2708998
2333,	0.00,	0.03,	-0.11,	294.31,	-0.19,	87.19,	2709014
2333,	0.00,	0.03,	-0.02,	294.31,	-0.19,	87.19,	2709032
2333,	0.00,	0.06,	0.00,	294.31,	-0.19,	87.19,	2709048
2333,	0.00,	0.04,	-0.09,	294.31,	-0.19,	87.19,	2709064
2333,	0.00,	0.07,	0.00,	294.31,	-0.19,	87.19,	2709083
2333,	-0.01,	0.05,	-0.05,	294.31,	-0.19,	87.19,	2709098
2333,	0.01,	0.05,	-0.10,	294.31,	-0.19,	87.19,	2709114
2333,	0.02,	0.04,	-0.03,	294.31,	-0.19,	87.19,	2709133
2333,	0.00,	0.04,	-0.01,	294.31,	-0.19,	87.19,	2709148
2333,	0.00,	0.06,	-0.11,	294.31,	-0.19,	87.19,	2709165
2333,	0.00,	0.05,	-0.02,	294.31,	-0.19,	87.19,	2709183
2333,	0.00,	0.06,	0.00,	294.31,	-0.19,	87.19,	2709198
2333,	0.00,	0.04,	-0.10,	294.31,	-0.19,	87.19,	2709215
2333,	0.00,	0.03,	-0.02,	294.31,	-0.19,	87.19,	2709232
2333,	0.00,	0.05,	-0.03,	294.31,	-0.19,	87.19,	2709249
2333,	0.00,	0.03,	-0.09,	294.31,	-0.19,	87.19,	2709265
2333,	0.00,	0.07,	0.00,	294.31,	-0.19,	87.19,	2709282
2333,	0.00,	0.03,	0.01,	294.31,	-0.19,	87.19,	2709299
2333,	0.00,	0.04,	-0.10,	294.31,	-0.19,	87.19,	2709315
2333,	0.00,	0.05,	-0.02,	294.31,	-0.19,	87.19,	2709332
2333,	0.00,	0.04,	-0.07,	294.31,	-0.19,	87.19,	2709349
2333,	0.02,	0.04,	-0.10,	294.31,	-0.19,	87.19,	2709365
2333,	0.01,	0.02,	0.00,	294.31,	-0.19,	87.19,	2709383
2333,	-0.01,	0.04,	-0.02,	294.31,	-0.19,	87.19,	2709399
2333,	0.00,	0.04,	-0.10,	294.31,	-0.19,	87.19,	2709415
2333,	0.01,	0.06,	-0.01,	294.31,	-0.19,	87.19,	2709433
2333,	0.00,	0.07,	-0.01,	294.31,	-0.19,	87.19,	2709449
2333,	0.00,	0.04,	-0.10,	294.31,	-0.19,	87.19,	2709466
2333,	0.00,	0.05,	-0.01,	294.31,	-0.19,	87.19,	2709483
2333,	0.01,	0.04,	-0.06,	294.31,	-0.19,	87.19,	2709499
2333,	0.00,	0.03,	-0.10,	294.31,	-0.19,	87.19,	2709516
2333,	0.01,	0.05,	-0.05,	294.31,	-0.19,	87.19,	2709533
2333,	0.00,	0.05,	-0.01,	294.31,	-0.19,	87.19,	2709550
2333,	0.01,	0.06,	-0.11,	294.31,	-0.19,	87.19,	2709565
2333,	0.00,	0.05,	0.00,	294.31,	-0.19,	87.19,	2709583
2333,	0.01,	0.03,	0.00,	294.31,	-0.19,	87.19,	2709599
2333,	0.00,	0.04,	-0.12,	294.31,	-0.19,	87.19,	2709615
2333,	0.00,	0.04,	-0.01,	294.31,	-0.19,	87.19,	2709634
2333,	0.00,	0.05,	-0.03,	294.31,	-0.19,	87.19,	2709649
2333,	0.00,	0.03,	-0.10,	294.31,	-0.19,	87.19,	2709665
2333,	0.00,	0.04,	-0.01,	294.31,	-0.19,	87.19,	2709684
2333,	0.01,	0.04,	-0.02,	294.31,	-0.19,	87.19,	2709699
2333,	-0.01,	0.06,	-0.11,	294.31,	-0.19,	87.19,	2709715
2333,	0.00,	0.06,	-0.01,	294.31,	-0.19,	87.19,	2709734
