0333,	0.00,	0.06,	0.00,	23.62,	-2.69,	-0.56,	1089687
0333,	-0.02,	0.08,	0.00,	23.62,	-2.69,	-0.56,	1089702
0333,	0.00,	0.08,	-0.07,	23.62,	-2.69,	-0.56,	1089719
0333,	-0.01,	0.09,	-0.02,	23.62,	-2.69,	-0.56,	1089737
0333,	-0.01,	0.09,	0.00,	23.62,	-2.69,	-0.56,	1089753
0333,	-0.01,	0.06,	-0.08,	23.62,	-2.69,	-0.56,	1089769
0333,	0.00,	0.08,	-0.04,	23.62,	-2.69,	-0.56,	1089787
0333,	-0.01,	0.05,	-0.02,	23.62,	-2.69,	-0.56,	1089804
0333,	-0.02,	0.08,	-0.09,	23.62,	-2.69,	-0.56,	1089819
0333,	0.00,	0.08,	-0.02,	23.62,	-2.69,	-0.56,	1089838
0333,	0.00,	0.06,	0.00,	23.62,	-2.69,	-0.56,	1089854
0333,	-0.01,	0.06,	-0.06,	23.62,	-2.69,	-0.56,	1089869
0333,	-0.01,	0.06,	0.00,	23.62,	-2.69,	-0.56,	1089888
0333,	0.00,	0.08,	-0.05,	23.62,	-2.69,	-0.56,	1089904
0333,	0.00,	0.08,	-0.09,	23.62,	-2.69,	-0.56,	1089921
0333,	-0.01,	0.07,	0.00,	23.62,	-2.69,	-0.56,	1089938
0333,	0.00,	0.05,	-0.01,	23.62,	-2.69,	-0.56,	1089954
0333,	-0.01,	0.07,	-0.08,	23.62,	-2.69,	-0.56,	1089971
0333,	0.00,	0.07,	-0.03,	23.62,	-2.69,	-0.56,	1089989
0333,	-0.01,	0.06,	-0.01,	23.62,	-2.69,	-0.56,	1090004
0333,	-0.02,	0.06,	-0.09,	23.62,	-2.69,	-0.56,	1090021
0333,	-0.02,	0.06,	-0.01,	23.62,	-2.75,	-0.56,	1090039
0333,	-0.01,	0.06,	-0.06,	23.62,	-2.75,	-0.56,	1090055
0333,	0.00,	0.07,	-0.09,	23.62,	-2.75,	-0.56,	1090071
0333,	0.01,	0.07,	0.00,	23.62,	-2.69,	-0.56,	1090089
0333,	0.00,	0.06,	0.00,	23.62,	-2.69,	-0.56,	1090105
0333,	-0.01,	0.08,	-0.04,	23.62,	-2.75,	-0.56,	1090121
0333,	-0.01,	0.06,	-0.02,	23.62,	-2.81,	-0.56,	1090140
0333,	-0.03,	0.08,	-0.01,	23.62,	-2.88,	-0.56,	1090155
0333,	0.00,	0.09,	-0.11,	23.62,	-2.88,	-0.56,	1090171
0333,	-0.01,	0.06,	-0.03,	23.62,	-2.94,	-0.56,	1090190
0333,	-0.03,	0.09,	0.00,	23.62,	-2.94,	-0.56,	1090205
0333,	-0.02,	0.07,	-0.09,	23.62,	-2.94,	-0.56,	1090222
0333,	-0.03,	0.05,	0.00,	23.62,	-2.94,	-0.56,	1090240
0333,	0.01,	0.06,	0.01,	23.69,	-3.00,	-0.56,	1090255
0333,	-0.01,	0.08,	-0.09,	23.69,	-3.00,	-0.56,	1090272
0333,	-0.01,	0.06,	-0.03,	23.69,	-3.06,	-0.56,	1090290
0333,	-0.01,	0.07,	0.00,	23.69,	-3.06,	-0.56,	1090307
0333,	0.00,	0.07,	-0.11,	23.69,	-3.00,	-0.56,	1090322
0333,	-0.01,	0.09,	-0.01,	23.69,	-3.00,	-0.56,	1090340
0333,	0.00,	0.05,	-0.02,	23.69,	-2.94,	-0.56,	1090357
0333,	-0.02,	0.09,	-0.10,	23.75,	-2.94,	-0.56,	1090373
0333,	-0.02,	0.11,	-0.02,	23.75,	-2.94,	-0.50,	1090391
0333,	0.00,	0.06,	0.01,	23.81,	-3.00,	-0.50,	1090407
0333,	-0.03,	0.10,	-0.09,	23.81,	-3.00,	-0.50,	1090422
0333,	0.04,	-0.14,	0.00,	23.94,	-3.06,	-0.56,	1090441
0333,	0.00,	0.09,	-0.01,	23.94,	-3.19,	-0.56,	1090457
0333,	0.06,	0.23,	-0.08,	24.00,	-3.25,	-0.56,	1090472
0333,	0.01,	0.04,	-0.03,	24.00,	-3.44,	-0.56,	1090491
0333,	-0.05,	0.63,	-0.17,	24.00,	-3.69,	-0.63,	1090507
0333,	0.38,	2.50,	-0.18,	24.00,	-3.69,	-0.63,	1090523
0333,	-0.22,	-0.32,	0.03,	24.12,	-3.50,	-0.56,	1090541
0333,	1.03,	1.32,	-0.29,	24.19,	-3.50,	-0.56,	1090557
0333,	0.83,	0.14,	-0.19,	24.12,	-3.50,	-0.56,	1090574
0333,	-0.20,	0.12,	0.19,	24.06,	-3.56,	-0.63,	1090592
0333,	-0.39,	0.42,	0.08,	24.00,	-3.75,	-0.63,	1090608
0333,	-0.02,	-1.14,	-0.03,	23.94,	-3.81,	-0.63,	1090624
0333,	0.37,	0.49,	-0.13,	23.87,	-3.94,	-0.69,	1090642
0333,	0.70,	-0.06,	-0.29,	23.87,	-4.06,	-0.69,	1090658
0333,	-0.33,	-0.21,	-0.01,	23.87,	-4.06,	-0.69,	1090674
0333,	0.09,	-0.42,	-0.08,	23.87,	-4.06,	-0.69,	1090693
0333,	-0.45,	0.10,	0.13,	23.75,	-4.06,	-0.69,	1090708
0333,	-0.04,	0.77,	-0.22,	23.69,	-4.13,	-0.69,	1090724
0333,	-0.09,	-0.41,	-0.01,	23.75,	-4.13,	-0.69,	1090743
0333,	0.03,	-0.23,	0.03,	23.62,	-4.19,	-0.69,	1090758
0333,	-0.11,	0.48,	-0.14,	23.56,	-4.19,	-0.69,	1090775
0333,	0.28,	0.38,	-0.08,	23.56,	-4.19,	-0.69,	1090793
0333,	0.02,	0.05,	0.01,	23.50,	-4.25,	-0.75,	1090809
0333,	-0.67,	-0.01,	0.08,	23.50,	-4.25,	-0.75,	1090825
0333,	-0.47,	0.17,	0.13,	23.62,	-4.25,	-0.69,	1090843
0333,	-0.38,	-0.66,	0.06,	23.50,	-4.25,	-0.75,	1090860
0333,	-0.37,	-0.21,	-0.03,	23.50,	-4.31,	-0.75,	1090875
0333,	-0.08,	-0.07,	-0.05,	23.50,	-4.31,	-0.75,	1090893
0333,	-0.29,	-0.22,	0.07,	23.37,	-4.31,	-0.75,	1090910
0333,	0.24,	0.41,	-0.28,	23.44,	-4.31,	-0.75,	1090925
0333,	0.00,	-0.76,	0.00,	23.44,	-4.31,	-0.75,	1090944
0333,	-0.45,	0.20,	-0.01,	23.44,	-4.25,	-0.75,	1090960
0333,	0.08,	-0.68,	0.06,	23.44,	-4.25,	-0.75,	1090975
0333,	0.10,	0.29,	-0.06,	23.44,	-4.25,	-0.75,	1090994
0333,	0.04,	0.31,	-0.03,	23.31,	-4.31,	-0.75,	1091010
0333,	-0.06,	0.01,	-0.08,	23.31,	-4.31,	-0.75,	1091025
0333,	0.23,	0.53,	-0.09,	23.25,	-4.38,	-0.75,	1091044
0333,	0.00,	0.02,	-0.04,	23.06,	-4.44,	-0.81,	1091060
0333,	0.23,	0.16,	-0.13,	23.06,	-4.50,	-0.81,	1091076
0333,	0.35,	-0.18,	-0.01,	22.94,	-4.50,	-0.81,	1091094
0333,	0.05,	0.01,	0.07,	22.69,	-4.56,	-0.81,	1091110
0333,	-0.23,	0.48,	0.05,	22.62,	-4.56,	-0.81,	1091126
0333,	0.01,	0.10,	-0.03,	22.31,	-4.63,	-0.88,	1091144
0333,	0.33,	0.35,	-0.14,	22.19,	-4.56,	-0.88,	1091161
0333,	-0.25,	-0.50,	0.14,	22.12,	-4.56,	-0.88,	1091177
0333,	0.04,	-0.27,	-0.02,	21.94,	-4.50,	-0.88,	1091195
0333,	-0.47,	-0.56,	0.11,	21.69,	-4.44,	-0.88,	1091211
0333,	0.27,	1.04,	-0.26,	21.62,	-4.44,	-0.94,	1091227
0333,	-0.52,	-0.04,	0.22,	21.50,	-4.44,	-0.94,	1091246
0333,	0.01,	-0.67,	0.21,	21.37,	-4.50,	-0.94,	1091261
0333,	-0.48,	-0.23,	0.04,	21.19,	-4.44,	-0.94,	1091277
0333,	-0.22,	0.13,	0.10,	20.94,	-4.38,	-0.94,	1091296
0333,	-0.19,	-0.11,	0.05,	20.87,	-4.38,	-0.94,	1091311
0333,	0.00,	-0.05,	-0.08,	20.81,	-4.38,	-0.94,	1091328
0333,	0.33,	0.61,	-0.23,	20.56,	-4.38,	-0.94,	1091346
0333,	0.43,	0.53,	-0.12,	20.37,	-4.38,	-0.94,	1091361
0333,	-0.17,	0.00,	0.00,	20.37,	-4.38,	-1.00,	1091378
0333,	-0.14,	0.01,	0.04,	20.19,	-4.38,	-1.00,	1091396
0333,	-0.48,	-0.28,	0.06,	20.06,	-4.38,	-1.00,	1091411
0333,	-0.21,	0.38,	0.04,	19.94,	-4.44,	-1.00,	1091428
0333,	0.09,	-0.02,	-0.02,	19.87,	-4.50,	-1.00,	1091446
0333,	-0.16,	0.18,	0.07,	19.69,	-4.50,	-1.00,	1091463
0333,	-0.10,	-0.47,	0.02,	19.62,	-4.50,	-1.00,	1091478
0333,	-0.46,	-0.78,	0.32,	19.44,	-4.50,	-1.00,	1091496
0333,	-0.28,	-0.49,	0.22,	19.37,	-4.50,	-1.00,	1091513
0333,	0.18,	0.82,	-0.14,	19.25,	-4.50,	-1.06,	1091528
0333,	0.23,	-0.14,	-0.01,	19.12,	-4.56,	-1.06,	1091547
0333,	-0.10,	0.11,	0.07,	19.00,	-4.63,	-1.06,	1091563
0333,	0.84,	-0.23,	-0.34,	18.94,	-4.63,	-1.06,	1091579
0333,	-0.13,	-0.12,	0.03,	18.75,	-4.63,	-1.06,	1091597
0333,	-0.48,	-0.21,	0.17,	18.56,	-4.63,	-1.06,	1091613
0333,	0.46,	0.28,	-0.21,	18.50,	-4.63,	-1.12,	1091630
0333,	1.01,	0.48,	-0.33,	18.37,	-4.69,	-1.12,	1091648
0333,	-0.03,	0.67,	-0.04,	18.19,	-4.69,	-1.12,	1091663
0333,	0.08,	0.15,	-0.06,	18.06,	-4.69,	-1.12,	1091680
0333,	0.19,	-0.01,	-0.17,	17.94,	-4.69,	-1.12,	1091698
0333,	-0.06,	0.06,	0.06,	17.75,	-4.75,	-1.12,	1091714
0333,	0.42,	0.28,	-0.22,	17.69,	-4.75,	-1.12,	1091730
0333,	-1.02,	-0.85,	0.22,	17.50,	-4.81,	-1.12,	1091748
0333,	0.35,	-0.23,	-0.14,	17.37,	-4.81,	-1.12,	1091764
0333,	0.33,	-0.31,	-0.25,	17.25,	-4.81,	-1.19,	1091780
0333,	1.19,	0.53,	-0.47,	17.12,	-4.88,	-1.19,	1091799
0333,	-0.31,	0.07,	0.19,	16.87,	-4.88,	-1.19,	1091814
0333,	0.18,	-0.02,	-0.08,	16.81,	-4.88,	-1.19,	1091830
0333,	0.58,	0.43,	-0.15,	16.62,	-4.88,	-1.19,	1091849
0333,	-0.45,	0.02,	0.14,	16.50,	-4.94,	-1.25,	1091864
0333,	0.92,	-0.24,	-0.34,	16.50,	-4.94,	-1.25,	1091880
0333,	-0.19,	0.08,	-0.01,	16.31,	-4.94,	-1.25,	1091899
0333,	0.74,	-0.18,	-0.25,	16.25,	-5.00,	-1.25,	1091914
0333,	-0.29,	0.08,	0.04,	16.12,	-4.94,	-1.25,	1091931
0333,	-1.17,	-0.06,	0.34,	15.94,	-5.00,	-1.25,	1091949
0333,	-0.61,	-0.11,	0.18,	15.88,	-5.00,	-1.25,	1091965
0333,	-0.09,	0.40,	-0.03,	15.81,	-5.00,	-1.31,	1091981
0333,	-0.08,	-0.26,	0.05,	15.69,	-4.94,	-1.25,	1091999
1333,	-0.97,	-0.27,	0.18,	15.56,	-4.94,	-1.31,	1092016
1333,	0.34,	-0.15,	-0.12,	15.56,	-5.00,	-1.31,	1092031
1333,	-1.54,	0.42,	0.51,	15.50,	-4.94,	-1.25,	1092049
1333,	-1.05,	-0.04,	0.30,	15.44,	-5.00,	-1.31,	1092066
1333,	-0.27,	-0.15,	0.01,	15.38,	-5.00,	-1.31,	1092082
1333,	-0.25,	0.01,	0.03,	15.38,	-5.06,	-1.31,	1092100
1333,	-0.26,	-0.11,	0.13,	15.31,	-5.06,	-1.31,	1092116
1333,	-0.49,	-0.10,	0.14,	15.31,	-5.06,	-1.31,	1092132
1333,	-0.02,	0.05,	0.01,	15.19,	-5.06,	-1.31,	1092150
1333,	-0.65,	-0.14,	0.22,	15.19,	-5.06,	-1.31,	1092166
1332,	-0.36,	-0.65,	0.07,	15.19,	-5.13,	-1.31,	1092183
1332,	0.80,	-0.02,	-0.29,	15.19,	-5.13,	-1.31,	1092201
1332,	-0.61,	0.10,	0.00,	15.13,	-5.13,	-1.31,	1092216
1332,	1.49,	-0.14,	-0.54,	15.19,	-5.13,	-1.31,	1092233
1332,	-0.29,	0.25,	-0.07,	15.13,	-5.13,	-1.31,	1092251
1332,	-0.04,	0.05,	-0.08,	15.19,	-5.19,	-1.31,	1092267
1332,	-0.70,	-0.36,	0.22,	15.19,	-5.19,	-1.31,	1092283
1332,	1.10,	-1.16,	-0.28,	15.25,	-5.25,	-1.31,	1092301
1332,	1.37,	-0.24,	-0.06,	15.25,	-5.31,	-1.31,	1092317
1332,	-1.19,	0.84,	0.28,	15.19,	-5.19,	-1.31,	1092333
1332,	0.15,	-0.76,	0.11,	15.13,	-5.25,	-1.31,	1092352
1332,	1.62,	0.31,	-0.54,	15.00,	-5.19,	-1.31,	1092367
1332,	0.70,	0.58,	-0.31,	15.00,	-5.19,	-1.31,	1092383
1332,	-0.35,	0.03,	0.12,	14.94,	-5.13,	-1.31,	1092402
1332,	-0.38,	-0.15,	0.08,	14.81,	-5.06,	-1.31,	1092417
1332,	-0.80,	0.14,	0.16,	14.81,	-5.06,	-1.31,	1092433
1332,	-0.98,	-0.36,	0.16,	14.75,	-5.06,	-1.31,	1092452
1332,	-0.42,	-0.35,	0.09,	14.75,	-5.06,	-1.31,	1092467
1332,	-0.72,	-0.06,	-0.05,	14.75,	-5.13,	-1.31,	1092484
1332,	-0.55,	0.22,	0.22,	14.81,	-5.06,	-1.31,	1092502
1332,	-0.43,	0.40,	0.25,	14.81,	-5.06,	-1.31,	1092517
1332,	-0.09,	0.26,	-0.10,	14.81,	-5.00,	-1.31,	1092534
1332,	-0.49,	0.31,	-0.09,	14.81,	-5.00,	-1.31,	1092552
1332,	-0.12,	0.18,	-0.07,	14.75,	-4.94,	-1.25,	1092569
1332,	0.33,	-0.13,	-0.09,	14.88,	-4.94,	-1.31,	1092584
1332,	0.32,	-0.11,	-0.23,	14.88,	-4.94,	-1.25,	1092602
1332,	0.10,	-0.52,	-0.09,	14.88,	-4.88,	-1.25,	1092619
1332,	-0.49,	0.42,	0.12,	14.88,	-4.88,	-1.25,	1092634
1332,	-0.40,	0.31,	0.20,	14.88,	-4.75,	-1.25,	1092653
1332,	0.26,	-0.38,	-0.10,	14.88,	-4.69,	-1.25,	1092669
1332,	-0.73,	0.69,	0.09,	14.88,	-4.69,	-1.25,	1092684
1332,	-0.23,	0.34,	0.11,	14.88,	-4.63,	-1.25,	1092703
1332,	0.38,	-0.26,	-0.18,	14.75,	-4.50,	-1.25,	1092719
1332,	0.58,	-0.27,	-0.30,	14.75,	-4.50,	-1.25,	1092734
1332,	0.22,	-0.07,	0.13,	14.69,	-4.38,	-1.25,	1092753
1332,	0.15,	-0.34,	-0.12,	14.63,	-4.25,	-1.25,	1092769
1332,	-0.11,	-0.45,	0.04,	14.69,	-4.25,	-1.19,	1092786
1332,	0.38,	-0.84,	-0.08,	14.75,	-4.19,	-1.19,	1092803
0332,	-0.02,	-0.35,	-0.17,	14.75,	-4.06,	-1.19,	1092819
0332,	-0.59,	0.26,	0.03,	14.75,	-4.00,	-1.19,	1092836
0332,	-0.75,	0.22,	0.13,	14.69,	-3.88,	-1.19,	1092854
0332,	-0.40,	-0.25,	0.12,	14.75,	-3.75,	-1.19,	1092870
0332,	-0.15,	-0.05,	-0.07,	14.69,	-3.69,	-1.19,	1092886
0332,	-0.23,	0.15,	0.00,	14.56,	-3.63,	-1.12,	1092904
0332,	-0.09,	-0.16,	-0.03,	14.50,	-3.50,	-1.12,	1092920
0332,	-0.13,	-0.08,	-0.13,	14.50,	-3.50,	-1.12,	1092936
0332,	-0.60,	-0.23,	0.20,	14.50,	-3.50,	-1.12,	1092955
0332,	-0.72,	0.25,	0.10,	14.63,	-3.50,	-1.12,	1092970
0332,	-0.16,	-0.01,	-0.04,	14.63,	-3.50,	-1.12,	1092986
0332,	-0.40,	0.13,	-0.02,	14.56,	-3.31,	-1.06,	1093005
0332,	-0.81,	0.17,	0.27,	14.63,	-3.31,	-1.06,	1093020
0332,	-0.39,	0.32,	0.08,	14.63,	-3.25,	-1.06,	1093037
0332,	0.41,	-0.43,	-0.25,	14.69,	-3.19,	-1.06,	1093055
0332,	0.03,	-0.04,	-0.03,	14.81,	-3.19,	-1.06,	1093070
0332,	-0.13,	0.21,	0.05,	14.88,	-3.13,	-1.06,	1093087
0332,	-0.11,	-0.26,	-0.09,	14.94,	-3.06,	-1.06,	1093105
0332,	0.29,	-0.55,	-0.26,	15.06,	-3.06,	-1.00,	1093121
0332,	0.21,	-0.30,	-0.22,	15.13,	-3.00,	-1.00,	1093137
0332,	-0.22,	0.00,	0.08,	15.13,	-2.94,	-1.00,	1093155
0332,	0.03,	-0.01,	-0.02,	15.25,	-2.88,	-1.00,	1093171
0332,	-0.29,	0.08,	0.03,	15.25,	-2.81,	-1.00,	1093187
0332,	-0.30,	0.00,	-0.06,	15.25,	-2.69,	-0.94,	1093206
0332,	-1.24,	0.87,	0.39,	15.38,	-2.63,	-0.94,	1093221
0332,	1.04,	-1.23,	-0.39,	15.44,	-2.69,	-0.94,	1093237
0332,	0.55,	-0.31,	-0.31,	15.50,	-2.56,	-0.94,	1093256
0332,	-0.11,	0.16,	-0.03,	15.50,	-2.50,	-0.94,	1093272
0332,	0.02,	0.13,	-0.05,	15.56,	-2.50,	-0.94,	1093288
0332,	-0.39,	0.03,	0.04,	15.63,	-2.44,	-0.94,	1093306
0332,	-0.24,	-0.16,	0.05,	15.56,	-2.38,	-0.94,	1093322
0332,	-0.17,	0.11,	0.00,	15.63,	-2.38,	-0.94,	1093339
0332,	0.19,	-0.01,	0.00,	15.75,	-2.38,	-0.94,	1093356
0332,	-0.02,	-0.11,	-0.02,	15.75,	-2.38,	-0.88,	1093372
0332,	-0.31,	0.05,	-0.15,	15.81,	-2.38,	-0.88,	1093389
0332,	-0.04,	-0.17,	-0.08,	15.81,	-2.38,	-0.88,	1093406
0332,	0.00,	0.19,	0.05,	15.81,	-2.38,	-0.88,	1093423
0332,	-0.05,	-0.06,	-0.12,	15.88,	-2.31,	-0.88,	1093439
0332,	0.05,	-0.06,	0.02,	15.88,	-2.31,	-0.88,	1093456
0332,	0.28,	-0.09,	-0.20,	15.75,	-2.31,	-0.88,	1093473
0332,	-0.14,	0.11,	-0.14,	15.69,	-2.31,	-0.88,	1093489
0332,	-0.02,	-0.36,	0.00,	15.56,	-2.38,	-0.88,	1093508
0332,	-0.04,	0.15,	-0.09,	15.31,	-2.31,	-0.88,	1093523
0332,	-0.05,	0.19,	-0.04,	15.19,	-2.38,	-0.88,	1093539
0332,	0.64,	-0.27,	-0.15,	14.94,	-2.31,	-0.88,	1093558
0332,	-0.08,	0.10,	-0.04,	14.63,	-2.31,	-0.94,	1093573
0332,	-0.42,	0.05,	0.03,	14.50,	-2.31,	-0.94,	1093590
0332,	-0.86,	0.64,	0.11,	14.50,	-2.38,	-0.94,	1093608
0332,	-0.33,	0.15,	-0.07,	14.44,	-2.38,	-0.94,	1093623
0332,	-0.05,	-0.17,	-0.06,	14.44,	-2.31,	-0.94,	1093640
0332,	-0.29,	-0.22,	-0.07,	14.50,	-2.31,	-0.94,	1093658
0332,	-0.18,	0.15,	-0.04,	14.44,	-2.38,	-0.94,	1093673
0332,	0.23,	-0.04,	-0.10,	14.50,	-2.31,	-0.94,	1093690
0332,	-0.05,	-0.39,	-0.03,	14.50,	-2.38,	-0.94,	1093708
0332,	0.23,	-0.38,	-0.01,	14.56,	-2.38,	-0.94,	1093724
0332,	-0.06,	-0.08,	-0.02,	14.56,	-2.38,	-0.94,	1093740
0332,	-0.12,	0.00,	0.02,	14.44,	-2.38,	-0.94,	1093758
0332,	-0.29,	-0.25,	0.07,	14.38,	-2.38,	-0.94,	1093774
0332,	-0.12,	-0.08,	-0.01,	14.38,	-2.31,	-0.94,	1093790
0332,	0.08,	-0.49,	0.10,	14.31,	-2.38,	-0.94,	1093809
0332,	-0.31,	-0.27,	-0.03,	14.31,	-2.38,	-0.94,	1093825
0332,	-0.16,	-0.18,	-0.06,	14.25,	-2.38,	-0.94,	1093840
0332,	-0.18,	-0.17,	-0.19,	14.19,	-2.38,	-0.88,	1093859
0332,	-0.34,	-0.34,	-0.06,	14.25,	-2.38,	-0.88,	1093875
0332,	-0.15,	-0.01,	-0.07,	14.31,	-2.38,	-0.88,	1093891
0332,	0.13,	0.10,	-0.11,	14.44,	-2.38,	-0.88,	1093909
0332,	-0.30,	0.22,	-0.01,	14.44,	-2.38,	-0.88,	1093925
0332,	-0.21,	0.43,	-0.08,	14.50,	-2.38,	-0.88,	1093942
0332,	-0.20,	0.18,	0.09,	14.69,	-2.38,	-0.81,	1093959
0332,	-0.16,	-0.08,	0.02,	14.75,	-2.38,	-0.81,	1093976
0332,	-0.24,	0.00,	-0.12,	14.81,	-2.44,	-0.81,	1093991
0332,	0.03,	-0.27,	-0.16,	14.94,	-2.44,	-0.81,	1094009
0332,	-0.01,	0.10,	-0.05,	15.06,	-2.44,	-0.81,	1094026
0332,	-0.13,	-0.06,	-0.18,	15.13,	-2.44,	-0.81,	1094042
0332,	0.11,	-0.39,	-0.19,	15.25,	-2.44,	-0.81,	1094060
0332,	-0.12,	0.29,	0.14,	15.38,	-2.44,	-0.81,	1094076
0332,	0.10,	0.11,	-0.13,	15.38,	-2.44,	-0.81,	1094092
0332,	-0.02,	0.30,	-0.05,	15.50,	-2.44,	-0.81,	1094110
0332,	-0.03,	0.13,	0.09,	15.63,	-2.44,	-0.81,	1094126
0332,	-0.22,	0.00,	-0.19,	15.75,	-2.44,	-0.81,	1094142
0332,	-0.34,	0.35,	0.21,	15.88,	-2.44,	-0.81,	1094160
0332,	0.06,	0.02,	-0.06,	16.00,	-2.44,	-0.81,	1094176
0332,	-0.43,	-0.13,	0.09,	16.06,	-2.44,	-0.81,	1094193
0332,	-0.07,	-0.03,	0.13,	16.19,	-2.44,	-0.81,	1094211
0332,	0.06,	-0.22,	-0.05,	16.31,	-2.44,	-0.81,	1094226
0332,	-0.18,	0.14,	-0.07,	16.31,	-2.44,	-0.81,	1094243
0332,	-0.32,	-0.81,	-0.14,	16.31,	-2.44,	-0.81,	1094261
0332,	0.05,	0.41,	-0.07,	16.44,	-2.44,	-0.81,	1094277
0332,	-0.09,	-0.30,	-0.22,	16.50,	-2.44,	-0.81,	1094293
0332,	-0.30,	-0.10,	0.00,	16.75,	-2.44,	-0.81,	1094311
0332,	0.01,	-0.11,	-0.03,	16.87,	-2.44,	-0.81,	1094327
0332,	-0.02,	-0.35,	-0.36,	16.94,	-2.50,	-0.81,	1094343
0332,	0.18,	0.12,	-0.25,	17.12,	-2.50,	-0.75,	1094362
0332,	-0.56,	-0.37,	-0.16,	17.31,	-2.50,	-0.75,	1094378
0332,	0.23,	0.37,	-0.03,	17.44,	-2.50,	-0.75,	1094393
0332,	-0.31,	-0.08,	-0.07,	17.56,	-2.44,	-0.75,	1094412
0332,	-0.31,	0.32,	0.04,	17.75,	-2.44,	-0.75,	1094428
0332,	-0.38,	0.15,	-0.10,	17.81,	-2.44,	-0.75,	1094444
0332,	-0.22,	0.00,	-0.05,	18.00,	-2.50,	-0.75,	1094462
0332,	0.23,	0.00,	0.00,	18.12,	-2.50,	-0.75,	1094478
0332,	0.06,	0.16,	-0.23,	18.19,	-2.50,	-0.75,	1094494
0332,	0.13,	0.03,	0.00,	18.37,	-2.50,	-0.75,	1094512
0332,	0.00,	-0.27,	-0.08,	18.56,	-2.50,	-0.75,	1094529
0332,	-0.23,	0.02,	-0.06,	18.69,	-2.56,	-0.75,	1094544
0332,	-0.31,	-0.02,	0.00,	18.81,	-2.50,	-0.75,	1094562
0332,	-0.09,	0.22,	0.01,	19.00,	-2.50,	-0.75,	1094579
0332,	-0.32,	-0.14,	-0.11,	19.06,	-2.56,	-0.75,	1094595
0332,	-0.20,	0.45,	0.00,	19.25,	-2.50,	-0.69,	1094612
0332,	-0.01,	0.17,	-0.05,	19.44,	-2.56,	-0.69,	1094629
0332,	-0.15,	0.08,	-0.13,	19.50,	-2.56,	-0.69,	1094645
0332,	-0.18,	0.23,	-0.03,	19.56,	-2.50,	-0.69,	1094663
0332,	0.19,	0.44,	0.03,	19.62,	-2.56,	-0.75,	1094679
0332,	-0.30,	0.09,	0.00,	19.62,	-2.50,	-0.75,	1094694
0332,	0.02,	0.02,	0.01,	19.69,	-2.56,	-0.75,	1094713
0332,	-0.05,	0.88,	-0.03,	19.75,	-2.56,	-0.81,	1094729
0332,	-0.12,	0.09,	-0.08,	19.75,	-2.56,	-0.81,	1094745
0332,	-0.34,	-0.18,	0.07,	19.81,	-2.56,	-0.81,	1094763
0332,	-0.11,	0.12,	0.01,	19.87,	-2.56,	-0.81,	1094779
0332,	-0.03,	0.29,	-0.20,	19.81,	-2.56,	-0.88,	1094796
0332,	-0.04,	-0.25,	-0.07,	19.75,	-2.56,	-0.88,	1094814
0332,	-0.24,	-0.21,	-0.10,	19.69,	-2.56,	-0.88,	1094830
0332,	0.46,	0.19,	-0.05,	19.69,	-2.56,	-0.88,	1094846
0332,	-0.51,	-0.94,	-0.02,	19.56,	-2.63,	-0.88,	1094864
0332,	-0.11,	-0.38,	0.00,	19.62,	-2.63,	-0.88,	1094880
0332,	0.17,	-0.35,	-0.17,	19.62,	-2.56,	-0.88,	1094896
0332,	0.19,	0.00,	-0.02,	19.69,	-2.56,	-0.88,	1094915
0332,	-0.38,	-0.48,	-0.05,	19.69,	-2.56,	-0.81,	1094930
0332,	-0.03,	-0.19,	-0.05,	19.75,	-2.56,	-0.81,	1094946
0332,	0.03,	0.01,	-0.05,	19.87,	-2.63,	-0.81,	1094965
0332,	0.21,	-0.29,	-0.09,	19.94,	-2.56,	-0.75,	1094980
0332,	0.57,	0.07,	-0.17,	20.00,	-2.56,	-0.75,	1094996
0332,	0.28,	0.55,	-0.06,	20.06,	-2.56,	-0.75,	1095015
0332,	0.16,	0.17,	-0.10,	20.12,	-2.56,	-0.75,	1095030
0332,	0.11,	0.00,	-0.07,	20.12,	-2.56,	-0.75,	1095047
0332,	-0.21,	-0.34,	0.00,	20.12,	-2.56,	-0.75,	1095065
0332,	0.00,	-0.13,	-0.07,	20.19,	-2.56,	-0.75,	1095080
0332,	-0.42,	-0.07,	-0.11,	20.19,	-2.56,	-0.75,	1095097
0332,	-0.15,	0.49,	-0.03,	20.19,	-2.56,	-0.75,	1095115
0332,	-0.20,	-0.13,	-0.09,	20.19,	-2.56,	-0.75,	1095132
0332,	0.29,	0.01,	-0.04,	20.25,	-2.56,	-0.75,	1095148
0332,	-0.11,	-0.56,	-0.07,	20.31,	-2.56,	-0.75,	1095165
0332,	0.13,	-0.06,	-0.04,	20.37,	-2.56,	-0.75,	1095182
0332,	0.23,	0.02,	-0.11,	20.37,	-2.56,	-0.75,	1095198
0332,	0.13,	0.43,	-0.03,	20.37,	-2.56,	-0.75,	1095216
0332,	0.12,	-0.27,	0.03,	20.44,	-2.56,	-0.75,	1095232
0332,	-0.18,	0.00,	-0.05,	20.50,	-2.56,	-0.69,	1095248
0332,	0.45,	-0.03,	-0.03,	20.56,	-2.56,	-0.75,	1095266
0332,	0.31,	0.28,	-0.02,	20.62,	-2.56,	-0.69,	1095282
0332,	-0.01,	0.05,	-0.02,	20.62,	-2.56,	-0.69,	1095299
0332,	-0.12,	-0.20,	0.02,	20.75,	-2.56,	-0.69,	1095317
0332,	-0.20,	-0.15,	-0.08,	20.81,	-2.56,	-0.69,	1095332
0332,	-0.05,	0.00,	-0.12,	20.87,	-2.56,	-0.69,	1095349
0332,	0.06,	0.15,	0.19,	21.00,	-2.56,	-0.69,	1095366
0332,	-0.13,	-0.36,	-0.04,	21.06,	-2.56,	-0.63,	1095383
0332,	-0.04,	0.12,	-0.19,	21.06,	-2.56,	-0.63,	1095399
0332,	-0.54,	-0.31,	-0.12,	21.06,	-2.56,	-0.69,	1095417
0332,	-0.31,	-0.30,	-0.07,	21.19,	-2.56,	-0.63,	1095433
0332,	-0.05,	0.06,	-0.14,	21.25,	-2.56,	-0.63,	1095449
0332,	0.12,	-0.01,	0.02,	21.31,	-2.56,	-0.63,	1095468
0332,	0.33,	-0.41,	-0.07,	21.37,	-2.56,	-0.63,	1095483
0332,	-0.11,	-0.33,	-0.07,	21.37,	-2.56,	-0.63,	1095499
0332,	-0.15,	-0.24,	-0.11,	21.50,	-2.56,	-0.63,	1095518
0332,	0.16,	0.56,	0.00,	21.56,	-2.56,	-0.63,	1095533
0332,	-0.07,	0.08,	-0.02,	21.62,	-2.56,	-0.63,	1095549
0332,	-0.41,	-0.08,	-0.06,	21.69,	-2.56,	-0.63,	1095568
0332,	0.32,	-0.05,	0.00,	21.75,	-2.56,	-0.63,	1095583
0332,	0.05,	-0.11,	-0.07,	21.81,	-2.56,	-0.63,	1095600
0332,	-0.25,	0.01,	0.08,	21.94,	-2.56,	-0.63,	1095618
0332,	0.01,	-0.21,	-0.05,	22.06,	-2.56,	-0.63,	1095633
0332,	0.17,	-0.09,	-0.20,	22.12,	-2.56,	-0.63,	1095650
0332,	-0.13,	-0.03,	0.05,	22.25,	-2.56,	-0.63,	1095668
0332,	0.17,	-0.07,	0.10,	22.37,	-2.56,	-0.63,	1095685
0332,	0.04,	0.64,	-0.16,	22.37,	-2.56,	-0.63,	1095700
0332,	0.33,	0.37,	0.12,	22.44,	-2.56,	-0.63,	1095718
0332,	0.07,	0.19,	-0.04,	22.56,	-2.56,	-0.63,	1095735
0332,	-0.49,	-0.38,	-0.22,	22.56,	-2.56,	-0.63,	1095750
0332,	0.45,	0.22,	0.07,	22.62,	-2.56,	-0.63,	1095769
0332,	0.36,	0.50,	-0.08,	22.62,	-2.63,	-0.63,	1095785
0332,	-0.01,	-0.34,	0.09,	22.62,	-2.56,	-0.63,	1095801
0332,	0.67,	0.10,	-0.09,	22.69,	-2.56,	-0.63,	1095819
0332,	0.12,	-0.09,	-0.08,	22.62,	-2.56,	-0.63,	1095835
0332,	-0.20,	0.13,	0.02,	22.62,	-2.56,	-0.63,	1095852
0332,	-0.26,	0.38,	0.01,	22.69,	-2.63,	-0.63,	1095869
1332,	0.26,	0.08,	-0.02,	22.62,	-2.56,	-0.63,	1095885
1332,	-0.03,	0.00,	-0.12,	22.69,	-2.56,	-0.63,	1095902
1332,	-0.19,	0.04,	0.04,	22.69,	-2.63,	-0.63,	1095920
1332,	-0.08,	0.30,	0.03,	22.75,	-2.63,	-0.63,	1095936
1332,	-0.06,	0.09,	-0.04,	22.81,	-2.63,	-0.63,	1095952
1332,	0.72,	-0.10,	-0.05,	22.81,	-2.63,	-0.63,	1095970
1332,	0.30,	0.37,	-0.11,	22.81,	-2.63,	-0.63,	1095986
1332,	-0.22,	-0.01,	-0.16,	22.81,	-2.63,	-0.63,	1096002
1332,	0.20,	-0.05,	0.02,	22.87,	-2.63,	-0.63,	1096020
2332,	0.43,	-0.10,	0.02,	22.87,	-2.63,	-0.63,	1096036
2332,	-0.27,	0.13,	-0.16,	22.87,	-2.63,	-0.63,	1096052
2332,	-0.33,	0.11,	0.01,	22.81,	-2.63,	-0.63,	1096071
2332,	0.26,	-0.12,	-0.06,	22.81,	-2.69,	-0.63,	1096086
2332,	-0.47,	-0.18,	0.11,	22.81,	-2.69,	-0.63,	1096102
2332,	0.11,	-0.14,	-0.03,	22.87,	-2.69,	-0.63,	1096121
2332,	0.01,	-0.12,	0.02,	22.94,	-2.69,	-0.63,	1096136
2332,	0.00,	0.24,	-0.13,	22.94,	-2.69,	-0.63,	1096153
2332,	-0.54,	-0.13,	0.01,	22.94,	-2.75,	-0.63,	1096171
2332,	0.24,	-0.05,	0.01,	22.94,	-2.75,	-0.63,	1096186
2332,	-0.62,	-0.06,	-0.17,	23.00,	-2.75,	-0.63,	1096203
2332,	0.08,	0.13,	-0.01,	23.12,	-2.75,	-0.56,	1096221
2332,	-0.12,	-0.12,	0.10,	23.25,	-2.75,	-0.56,	1096238
2332,	0.16,	-0.20,	-0.13,	23.25,	-2.75,	-0.56,	1096253
2332,	0.21,	0.21,	0.03,	23.31,	-2.75,	-0.56,	1096271
2332,	0.60,	0.33,	0.15,	23.44,	-2.75,	-0.56,	1096288
2332,	0.03,	0.34,	0.03,	23.50,	-2.75,	-0.56,	1096303
2332,	0.39,	0.06,	0.08,	23.62,	-2.75,	-0.56,	1096322
2332,	0.23,	-0.09,	-0.03,	23.69,	-2.69,	-0.56,	1096338
2332,	0.19,	-0.17,	-0.13,	23.75,	-2.69,	-0.56,	1096354
2332,	-0.55,	0.18,	0.00,	23.87,	-2.69,	-0.56,	1096372
2332,	-0.02,	0.35,	0.04,	24.06,	-2.63,	-0.56,	1096388
2332,	-0.11,	-0.09,	-0.11,	24.12,	-2.63,	-0.56,	1096404
2332,	0.32,	0.20,	0.01,	24.06,	-2.63,	-0.56,	1096422
2332,	-0.51,	0.13,	-0.09,	24.06,	-2.63,	-0.56,	1096438
2332,	2.48,	-0.50,	0.07,	24.12,	-2.63,	-0.56,	1096455
2332,	0.01,	0.69,	0.04,	24.06,	-2.63,	-0.56,	1096472
1332,	-0.45,	0.15,	-0.22,	24.06,	-2.63,	-0.56,	1096488
1332,	-0.05,	0.13,	-0.08,	24.12,	-2.63,	-0.56,	1096505
1332,	-0.25,	0.28,	0.04,	24.19,	-2.63,	-0.56,	1096523
1332,	0.09,	-0.22,	-0.04,	24.19,	-2.69,	-0.56,	1096539
1332,	-0.04,	0.04,	-0.09,	24.19,	-2.69,	-0.56,	1096555
1332,	0.25,	-0.52,	0.03,	24.25,	-2.69,	-0.63,	1096573
0332,	0.34,	0.00,	0.08,	24.25,	-2.69,	-0.63,	1096589
0332,	0.69,	-0.09,	-0.21,	24.25,	-2.69,	-0.63,	1096605
0332,	0.86,	0.54,	-0.10,	24.12,	-2.69,	-0.56,	1096624
0332,	0.06,	0.37,	-0.07,	24.19,	-2.63,	-0.63,	1096639
0332,	0.71,	0.19,	-0.23,	24.19,	-2.69,	-0.63,	1096655
0332,	-0.23,	-0.15,	-0.23,	24.19,	-2.69,	-0.63,	1096674
0332,	-0.86,	-0.10,	-0.07,	24.31,	-2.69,	-0.63,	1096689
0332,	0.36,	0.48,	-0.05,	24.25,	-2.69,	-0.56,	1096706
0332,	0.45,	0.16,	0.02,	24.19,	-2.69,	-0.56,	1096724
0332,	0.44,	-0.28,	0.00,	24.25,	-2.69,	-0.56,	1096739
0332,	-0.67,	0.63,	0.01,	24.19,	-2.69,	-0.56,	1096756
0332,	1.03,	-0.07,	-0.31,	24.25,	-2.75,	-0.56,	1096774
0332,	0.19,	-0.03,	-0.04,	24.31,	-2.75,	-0.56,	1096790
0332,	0.37,	0.25,	-0.34,	24.31,	-2.75,	-0.63,	1096806
0332,	-0.67,	-0.03,	0.25,	24.25,	-2.69,	-0.56,	1096824
0332,	-0.24,	0.12,	0.09,	24.25,	-2.75,	-0.63,	1096841
0332,	0.14,	-0.29,	-0.28,	24.31,	-2.75,	-0.63,	1096856
0332,	-0.24,	-0.05,	-0.01,	24.31,	-2.75,	-0.63,	1096875
0332,	-0.15,	0.07,	-0.11,	24.31,	-2.75,	-0.63,	1096891
0332,	0.34,	-0.33,	-0.32,	24.31,	-2.75,	-0.63,	1096906
0332,	1.21,	-0.18,	0.00,	24.37,	-2.75,	-0.63,	1096925
0332,	-0.19,	0.18,	-0.14,	24.31,	-2.75,	-0.63,	1096941
0332,	0.28,	0.30,	0.07,	24.31,	-2.81,	-0.63,	1096956
0332,	0.71,	-0.41,	-0.11,	24.31,	-2.81,	-0.63,	1096975
0332,	-0.38,	0.13,	0.00,	24.25,	-2.81,	-0.63,	1096991
0332,	-0.25,	0.34,	0.11,	24.19,	-2.75,	-0.63,	1097008
0332,	-0.52,	-0.16,	0.34,	24.19,	-2.81,	-0.63,	1097025
0332,	0.22,	-0.48,	-0.06,	24.12,	-2.88,	-0.63,	1097041
0332,	-0.52,	0.38,	-0.31,	24.19,	-2.81,	-0.63,	1097058
0332,	0.61,	-0.49,	-0.58,	24.12,	-2.75,	-0.63,	1097075
0332,	0.39,	-0.06,	-0.19,	24.00,	-2.75,	-0.63,	1097092
0332,	-0.15,	-0.28,	-0.10,	24.00,	-2.75,	-0.63,	1097108
0332,	0.54,	-0.53,	0.00,	23.94,	-2.75,	-0.63,	1097125
0332,	0.61,	-0.08,	0.10,	23.81,	-2.75,	-0.63,	1097142
0332,	0.46,	-0.06,	-0.23,	23.94,	-2.69,	-0.63,	1097158
0332,	0.51,	-0.38,	0.16,	23.94,	-2.81,	-0.63,	1097176
0332,	1.29,	-0.61,	-0.22,	23.87,	-2.75,	-0.63,	1097192
0332,	-0.18,	0.10,	0.01,	23.94,	-2.69,	-0.63,	1097208
0332,	0.64,	-0.12,	-0.09,	23.94,	-2.75,	-0.63,	1097227
0332,	-0.52,	0.98,	0.00,	23.87,	-2.69,	-0.63,	1097242
0332,	-0.21,	0.54,	-0.16,	23.87,	-2.69,	-0.63,	1097259
0332,	-0.25,	0.29,	-0.05,	23.87,	-2.81,	-0.63,	1097277
0332,	0.63,	-0.57,	0.21,	23.94,	-2.81,	-0.63,	1097292
0332,	-0.10,	0.25,	-0.17,	23.94,	-2.81,	-0.63,	1097309
0332,	1.22,	-0.42,	-0.68,	23.94,	-2.88,	-0.63,	1097327
0332,	0.91,	-0.66,	-0.35,	24.00,	-2.75,	-0.63,	1097342
0332,	0.68,	-0.29,	-0.49,	23.94,	-2.81,	-0.63,	1097359
0332,	-0.34,	0.43,	-0.11,	23.87,	-2.81,	-0.63,	1097377
0332,	-0.25,	0.51,	-0.23,	23.75,	-2.81,	-0.63,	1097393
0332,	0.32,	-0.03,	-0.13,	23.81,	-2.81,	-0.63,	1097409
0332,	-0.71,	1.33,	0.00,	23.81,	-2.81,	-0.63,	1097427
0332,	1.13,	-0.52,	-0.07,	23.75,	-2.81,	-0.63,	1097443
0332,	-1.36,	1.12,	0.30,	23.69,	-2.75,	-0.63,	1097459
0332,	0.27,	0.24,	0.06,	23.75,	-2.88,	-0.63,	1097478
0332,	0.10,	0.31,	-0.11,	23.81,	-2.94,	-0.63,	1097494
0332,	0.00,	0.00,	0.02,	23.87,	-2.94,	-0.69,	1097509
0332,	-1.20,	-0.24,	0.61,	24.00,	-2.94,	-0.69,	1097528
0332,	0.15,	0.16,	-0.02,	24.06,	-3.06,	-0.69,	1097544
0332,	-0.30,	0.80,	-0.08,	24.00,	-3.13,	-0.69,	1097560
0332,	0.00,	0.87,	-0.05,	24.06,	-3.19,	-0.69,	1097578
0332,	-0.03,	0.43,	0.03,	24.06,	-3.19,	-0.69,	1097594
0332,	0.23,	0.32,	-0.32,	24.06,	-3.25,	-0.69,	1097611
0332,	0.03,	0.72,	0.05,	24.19,	-3.38,	-0.69,	1097628
0332,	0.25,	-0.33,	-0.14,	24.25,	-3.44,	-0.69,	1097645
0332,	-0.28,	0.52,	-0.08,	24.19,	-3.50,	-0.75,	1097661
0332,	-0.20,	0.13,	0.25,	24.19,	-3.50,	-0.75,	1097678
0332,	0.03,	0.08,	-0.09,	24.25,	-3.56,	-0.75,	1097695
0332,	0.00,	-0.05,	-0.04,	24.25,	-3.63,	-0.75,	1097711
0332,	-0.49,	0.28,	0.32,	24.12,	-3.63,	-0.75,	1097729
0332,	0.52,	-0.81,	-0.21,	24.06,	-3.63,	-0.81,	1097745
0332,	-0.24,	-0.43,	-0.11,	24.06,	-3.63,	-0.81,	1097761
0332,	-0.03,	0.08,	-0.03,	24.00,	-3.69,	-0.81,	1097780
0332,	-0.33,	-0.09,	0.13,	23.94,	-3.69,	-0.81,	1097795
0332,	0.45,	0.05,	-0.34,	23.87,	-3.75,	-0.81,	1097811
0332,	-0.25,	0.38,	0.00,	23.87,	-3.69,	-0.81,	1097830
0332,	0.10,	0.52,	-0.02,	23.81,	-3.69,	-0.81,	1097845
0332,	0.20,	-0.39,	-0.12,	23.75,	-3.69,	-0.81,	1097862
0332,	0.38,	0.06,	-0.13,	23.81,	-3.69,	-0.81,	1097880
0332,	-0.23,	-0.10,	0.06,	23.75,	-3.69,	-0.81,	1097895
0332,	-0.06,	0.20,	-0.24,	23.75,	-3.69,	-0.81,	1097912
0332,	-0.26,	0.10,	0.00,	23.75,	-3.63,	-0.81,	1097930
0332,	-0.01,	0.29,	-0.01,	23.69,	-3.69,	-0.88,	1097946
0332,	0.18,	-0.14,	-0.24,	23.62,	-3.69,	-0.81,	1097962
0332,	-0.40,	0.23,	0.17,	23.56,	-3.63,	-0.81,	1097980
0332,	0.24,	-0.75,	-0.20,	23.56,	-3.69,	-0.81,	1097996
0332,	-0.63,	0.93,	0.14,	23.50,	-3.69,	-0.81,	1098012
0332,	0.35,	0.10,	-0.15,	23.50,	-3.69,	-0.88,	1098031
0332,	-0.03,	-0.08,	-0.09,	23.44,	-3.75,	-0.81,	1098047
0332,	-0.28,	0.93,	-0.03,	23.37,	-3.75,	-0.81,	1098062
0332,	-0.58,	0.50,	0.00,	23.37,	-3.81,	-0.88,	1098081
0332,	-0.52,	1.03,	0.23,	23.31,	-3.81,	-0.88,	1098097
0332,	0.40,	0.36,	-0.24,	23.31,	-3.88,	-0.88,	1098114
0332,	0.07,	-0.58,	0.04,	23.19,	-3.88,	-0.88,	1098131
0332,	0.64,	-0.10,	-0.12,	23.19,	-3.94,	-0.88,	1098147
0332,	0.38,	0.36,	-0.28,	23.12,	-3.94,	-0.94,	1098164
0332,	0.38,	0.44,	-0.31,	23.12,	-4.06,	-0.94,	1098181
0332,	-0.42,	0.05,	-0.02,	23.00,	-4.06,	-0.94,	1098198
0332,	0.10,	0.25,	-0.10,	22.94,	-4.06,	-0.94,	1098214
0332,	0.28,	-0.02,	-0.05,	22.81,	-4.13,	-0.94,	1098231
0332,	0.54,	0.15,	-0.09,	22.69,	-4.13,	-1.00,	1098248
0332,	-0.29,	0.28,	0.00,	22.62,	-4.19,	-1.00,	1098264
0332,	-0.09,	-0.22,	0.05,	22.62,	-4.19,	-1.00,	1098281
0332,	0.04,	-0.98,	0.02,	22.50,	-4.19,	-1.00,	1098298
0332,	0.10,	0.29,	-0.15,	22.44,	-4.25,	-1.00,	1098314
0332,	0.68,	0.11,	-0.14,	22.37,	-4.31,	-1.06,	1098332
0332,	0.37,	-0.19,	-0.07,	22.25,	-4.38,	-1.06,	1098348
0332,	-0.39,	0.44,	-0.19,	22.06,	-4.38,	-1.06,	1098364
0332,	0.10,	-0.31,	0.01,	22.00,	-4.38,	-1.06,	1098383
0332,	-0.21,	0.13,	0.16,	21.94,	-4.38,	-1.06,	1098398
0332,	0.04,	-0.33,	-0.21,	21.87,	-4.38,	-1.06,	1098415
0332,	0.23,	-0.02,	-0.03,	21.75,	-4.44,	-1.12,	1098433
0332,	-0.15,	0.49,	-0.03,	21.62,	-4.44,	-1.12,	1098448
0332,	0.30,	-0.06,	-0.12,	21.56,	-4.44,	-1.12,	1098465
0332,	-0.09,	0.11,	-0.11,	21.44,	-4.50,	-1.12,	1098483
0332,	-0.33,	-0.78,	0.06,	21.37,	-4.50,	-1.12,	1098499
0332,	-0.12,	0.32,	-0.11,	21.31,	-4.44,	-1.12,	1098515
0332,	-0.02,	0.21,	0.04,	21.25,	-4.38,	-1.12,	1098533
0332,	-0.27,	-0.13,	-0.07,	21.19,	-4.38,	-1.12,	1098549
0332,	0.52,	-0.09,	-0.07,	21.19,	-4.38,	-1.12,	1098565
0332,	0.02,	-0.38,	-0.06,	21.19,	-4.38,	-1.12,	1098584
0332,	-0.28,	-0.14,	0.00,	21.06,	-4.38,	-1.12,	1098599
0332,	0.08,	-0.46,	0.01,	21.00,	-4.38,	-1.12,	1098615
0332,	-0.17,	0.49,	-0.05,	20.87,	-4.38,	-1.19,	1098634
1332,	-0.10,	0.06,	-0.01,	20.81,	-4.38,	-1.19,	1098649
1332,	0.10,	0.01,	0.00,	20.75,	-4.44,	-1.19,	1098665
1332,	0.06,	0.17,	-0.09,	20.69,	-4.44,	-1.19,	1098684
1332,	-0.06,	1.43,	0.00,	20.62,	-4.44,	-1.19,	1098699
1332,	0.00,	-0.52,	-0.16,	20.69,	-4.50,	-1.19,	1098716
1332,	0.12,	1.30,	-0.20,	20.56,	-4.44,	-1.19,	1098734
1332,	-0.01,	0.19,	0.00,	20.56,	-4.50,	-1.19,	1098750
1332,	0.00,	-0.14,	-0.12,	20.50,	-4.50,	-1.19,	1098766
1332,	-0.08,	0.12,	-0.05,	20.50,	-4.50,	-1.19,	1098784
2332,	-0.27,	-0.91,	-0.08,	20.37,	-4.50,	-1.19,	1098801
2332,	-0.21,	0.79,	0.13,	20.44,	-4.50,	-1.19,	1098817
2332,	-0.03,	0.73,	0.02,	20.37,	-4.44,	-1.19,	1098834
2332,	-0.44,	0.61,	0.19,	20.31,	-4.44,	-1.19,	1098851
2332,	0.03,	0.69,	-0.02,	20.31,	-4.44,	-1.19,	1098867
2332,	-0.17,	0.26,	0.00,	20.19,	-4.44,	-1.25,	1098885
1332,	0.04,	-0.57,	-0.15,	20.19,	-4.50,	-1.25,	1098901
1332,	-0.49,	0.60,	0.06,	20.12,	-4.44,	-1.25,	1098917
1332,	0.06,	-0.59,	0.07,	20.00,	-4.44,	-1.25,	1098935
1332,	0.13,	1.08,	0.00,	19.94,	-4.50,	-1.25,	1098951
1332,	0.12,	-0.43,	-0.06,	19.87,	-4.56,	-1.25,	1098968
1332,	0.02,	0.15,	-0.02,	19.75,	-4.56,	-1.31,	1098985
1332,	-0.17,	-0.35,	0.17,	19.62,	-4.56,	-1.31,	1099001
1332,	-0.23,	-0.45,	-0.05,	19.56,	-4.56,	-1.31,	1099018
1332,	-0.16,	0.37,	-0.04,	19.37,	-4.56,	-1.31,	1099036
1332,	-0.15,	-0.29,	-0.13,	19.31,	-4.63,	-1.31,	1099052
1332,	-0.34,	-0.13,	-0.06,	19.25,	-4.63,	-1.31,	1099068
1332,	0.04,	0.28,	-0.06,	19.12,	-4.63,	-1.31,	1099086
1332,	-0.04,	0.16,	0.02,	19.12,	-4.63,	-1.31,	1099102
1332,	0.20,	0.19,	-0.12,	19.12,	-4.63,	-1.31,	1099118
1332,	-0.18,	-0.04,	0.04,	19.06,	-4.56,	-1.31,	1099137
1332,	-0.06,	0.02,	-0.05,	19.00,	-4.50,	-1.31,	1099152
1332,	-0.08,	0.45,	-0.11,	19.00,	-4.50,	-1.31,	1099168
1332,	0.05,	0.19,	-0.01,	19.00,	-4.38,	-1.25,	1099187
1332,	-0.17,	-0.96,	-0.02,	18.87,	-4.38,	-1.31,	1099202
1332,	-0.15,	0.33,	-0.06,	18.81,	-4.38,	-1.31,	1099218
1332,	-0.21,	-0.98,	0.02,	18.87,	-4.38,	-1.31,	1099237
1332,	-0.02,	0.05,	0.03,	18.81,	-4.38,	-1.31,	1099252
1332,	0.00,	0.02,	-0.15,	18.81,	-4.44,	-1.31,	1099269
1332,	-0.07,	-0.05,	-0.01,	18.75,	-4.38,	-1.31,	1099287
1332,	-0.01,	0.03,	-0.03,	18.75,	-4.31,	-1.31,	1099302
1332,	-0.01,	0.00,	-0.10,	18.69,	-4.31,	-1.31,	1099319
1332,	-0.01,	0.00,	-0.02,	18.69,	-4.19,	-1.31,	1099337
1332,	-0.02,	0.01,	0.00,	18.62,	-4.06,	-1.25,	1099354
1332,	0.00,	-0.01,	-0.06,	18.62,	-4.00,	-1.25,	1099369
1332,	0.00,	-0.02,	-0.01,	18.56,	-3.81,	-1.25,	1099387
1332,	-0.02,	-0.04,	0.03,	18.50,	-3.63,	-1.19,	1099403
1332,	-0.01,	0.01,	-0.10,	18.44,	-3.50,	-1.19,	1099419
1332,	0.00,	0.01,	-0.01,	18.37,	-3.44,	-1.19,	1099438
1332,	-0.01,	0.00,	-0.04,	18.25,	-3.31,	-1.19,	1099453
1332,	-0.02,	0.01,	-0.12,	18.19,	-3.31,	-1.19,	1099469
1332,	0.00,	0.02,	-0.01,	18.12,	-3.25,	-1.19,	1099488
1332,	-0.06,	-0.03,	0.00,	18.06,	-3.19,	-1.19,	1099504
1332,	0.02,	0.02,	-0.13,	18.00,	-3.19,	-1.19,	1099520
1332,	0.00,	0.02,	0.01,	17.94,	-3.13,	-1.25,	1099538
1332,	-0.01,	0.00,	-0.01,	17.94,	-3.13,	-1.25,	1099554
1332,	-0.01,	-0.01,	-0.11,	17.94,	-3.13,	-1.25,	1099570
1332,	0.00,	-0.04,	-0.03,	17.87,	-3.13,	-1.25,	1099588
1332,	-0.02,	0.01,	-0.03,	17.81,	-3.06,	-1.25,	1099604
1332,	-0.01,	0.01,	-0.11,	17.81,	-3.00,	-1.25,	1099620
1332,	-0.01,	0.03,	-0.01,	17.75,	-2.88,	-1.19,	1099638
1332,	0.00,	0.00,	0.00,	17.75,	-2.81,	-1.19,	1099655
1332,	-0.02,	0.00,	-0.09,	17.75,	-2.75,	-1.19,	1099670
1332,	-0.01,	-0.03,	-0.01,	17.75,	-2.69,	-1.19,	1099688
1332,	-0.03,	0.01,	-0.02,	17.75,	-2.63,	-1.19,	1099705
1332,	-0.02,	-0.03,	-0.10,	17.75,	-2.63,	-1.19,	1099721
1332,	-0.01,	-0.01,	-0.01,	17.75,	-2.63,	-1.19,	1099740
1332,	-0.01,	0.00,	-0.04,	17.75,	-2.63,	-1.19,	1099755
1332,	-0.03,	0.00,	-0.12,	17.75,	-2.63,	-1.19,	1099771
1332,	-0.04,	-0.02,	-0.02,	17.75,	-2.63,	-1.19,	1099790
1332,	0.00,	-0.01,	0.00,	17.75,	-2.63,	-1.19,	1099805
1332,	-0.03,	-0.02,	-0.09,	17.75,	-2.63,	-1.19,	1099822
1332,	-0.01,	-0.03,	-0.01,	17.75,	-2.63,	-1.19,	1099840
1332,	0.00,	0.00,	-0.07,	17.75,	-2.63,	-1.19,	1099855
1332,	-0.02,	-0.02,	-0.07,	17.75,	-2.63,	-1.19,	1099872
1332,	-0.02,	-0.03,	-0.02,	17.75,	-2.63,	-1.19,	1099890
1332,	-0.01,	-0.02,	-0.01,	17.75,	-2.63,	-1.19,	1099906
1332,	-0.04,	-0.01,	-0.11,	17.75,	-2.63,	-1.19,	1099922
1332,	-0.02,	-0.01,	-0.05,	17.75,	-2.63,	-1.19,	1099940
1332,	-0.02,	0.00,	0.00,	17.75,	-2.63,	-1.19,	1099957
1332,	-0.04,	0.00,	-0.11,	17.75,	-2.63,	-1.19,	1099972
1332,	-0.02,	-0.03,	-0.03,	17.75,	-2.63,	-1.19,	1099991
1332,	-0.01,	0.00,	-0.02,	17.75,	-2.63,	-1.19,	1100007
1332,	-0.01,	-0.02,	-0.12,	17.75,	-2.63,	-1.19,	1100022
1332,	-0.03,	-0.01,	0.00,	17.75,	-2.63,	-1.19,	1100041
1332,	-0.03,	-0.05,	-0.01,	17.75,	-2.63,	-1.19,	1100057
1332,	-0.02,	-0.01,	-0.10,	17.75,	-2.63,	-1.19,	1100073
1332,	-0.02,	0.00,	0.00,	17.75,	-2.63,	-1.19,	1100091
1332,	-0.02,	0.00,	0.02,	17.75,	-2.63,	-1.19,	1100107
1332,	-0.02,	-0.04,	-0.11,	17.75,	-2.63,	-1.19,	1100124
1332,	-0.01,	-0.05,	-0.05,	17.75,	-2.63,	-1.19,	1100141
1332,	-0.02,	-0.03,	0.01,	17.69,	-2.63,	-1.19,	1100157
1332,	-0.02,	0.00,	-0.11,	17.69,	-2.63,	-1.19,	1100174
1332,	-0.02,	-0.05,	-0.01,	17.69,	-2.63,	-1.19,	1100191
1332,	-0.02,	-0.02,	0.01,	17.69,	-2.63,	-1.19,	1100208
1332,	-0.02,	-0.02,	-0.08,	17.69,	-2.63,	-1.19,	1100224
1332,	-0.02,	0.00,	-0.01,	17.69,	-2.63,	-1.19,	1100242
1332,	-0.01,	-0.01,	0.00,	17.69,	-2.69,	-1.19,	1100258
1332,	-0.04,	0.00,	-0.12,	17.69,	-2.69,	-1.19,	1100274
1332,	-0.03,	0.00,	-0.02,	17.69,	-2.69,	-1.19,	1100293
1332,	-0.04,	0.00,	0.00,	17.69,	-2.69,	-1.19,	1100308
1332,	-0.04,	0.00,	-0.11,	17.69,	-2.69,	-1.19,	1100324
1332,	-0.05,	0.01,	-0.01,	17.69,	-2.69,	-1.19,	1100343
1332,	-0.04,	0.00,	0.01,	17.69,	-2.69,	-1.19,	1100358
1332,	-0.02,	-0.01,	-0.12,	17.69,	-2.69,	-1.19,	1100375
1332,	-0.03,	0.00,	-0.04,	17.69,	-2.69,	-1.19,	1100393
1332,	-0.02,	-0.02,	-0.01,	17.69,	-2.63,	-1.19,	1100408
1332,	-0.01,	0.00,	-0.09,	17.69,	-2.63,	-1.19,	1100425
1332,	-0.02,	0.01,	-0.02,	17.69,	-2.63,	-1.19,	1100443
1332,	-0.04,	0.01,	-0.02,	17.69,	-2.63,	-1.19,	1100459
1332,	-0.01,	0.00,	-0.04,	17.69,	-2.63,	-1.19,	1100475
1332,	-0.02,	0.00,	0.00,	17.69,	-2.63,	-1.19,	1100493
1332,	0.00,	-0.01,	0.03,	17.69,	-2.63,	-1.19,	1100509
1332,	-0.01,	-0.01,	-0.08,	17.69,	-2.69,	-1.19,	1100525
1332,	-0.02,	-0.02,	0.00,	17.69,	-2.88,	-1.25,	1100544
1332,	-0.02,	-0.02,	-0.05,	17.69,	-3.00,	-1.25,	1100559
1332,	-0.03,	0.00,	-0.10,	17.69,	-3.06,	-1.25,	1100575
1332,	-0.04,	-0.01,	-0.03,	17.69,	-3.13,	-1.25,	1100594
1332,	-0.03,	0.00,	0.00,	17.69,	-3.06,	-1.25,	1100609
1332,	-0.02,	0.00,	-0.10,	17.69,	-3.00,	-1.25,	1100625
1332,	-0.01,	0.01,	-0.04,	17.69,	-2.88,	-1.25,	1100644
1332,	-0.02,	-0.01,	0.03,	17.69,	-2.81,	-1.25,	1100660
1332,	0.00,	-0.02,	0.00,	17.69,	-2.75,	-1.25,	1100676
1332,	0.00,	-0.01,	-0.03,	17.69,	-2.75,	-1.25,	1100694
1332,	-0.02,	-0.01,	0.01,	17.69,	-2.75,	-1.25,	1100710
1332,	-0.03,	-0.01,	-0.10,	17.69,	-2.75,	-1.25,	1100727
1332,	-0.03,	-0.01,	-0.07,	17.69,	-2.81,	-1.25,	1100744
1332,	-0.02,	0.00,	0.00,	17.69,	-2.81,	-1.25,	1100761
1332,	-0.02,	-0.04,	-0.05,	17.69,	-2.81,	-1.25,	1100777
1332,	-0.05,	-0.06,	-0.05,	17.69,	-2.81,	-1.25,	1100795
1332,	-0.01,	0.02,	-0.05,	17.69,	-2.81,	-1.25,	1100811
1332,	0.00,	0.03,	-0.09,	17.69,	-2.81,	-1.25,	1100827
1332,	-0.01,	0.00,	-0.04,	17.69,	-2.88,	-1.25,	1100846
1332,	0.00,	0.04,	-0.03,	17.69,	-3.00,	-1.25,	1100861
1332,	0.00,	0.00,	-0.09,	17.69,	-3.00,	-1.25,	1100877
1332,	-0.04,	-0.01,	-0.02,	17.75,	-3.06,	-1.25,	1100895
1332,	-0.04,	-0.01,	-0.01,	17.75,	-3.06,	-1.25,	1100911
1332,	-0.02,	0.02,	-0.06,	17.75,	-3.06,	-1.25,	1100928
1332,	-0.01,	0.00,	-0.03,	17.75,	-3.06,	-1.25,	1100946
1332,	-0.02,	-0.03,	-0.06,	17.75,	-3.13,	-1.25,	1100961
1332,	-0.04,	-0.01,	-0.08,	17.75,	-3.13,	-1.25,	1100978
1332,	-0.05,	0.00,	-0.02,	17.75,	-3.06,	-1.25,	1100996
1332,	-0.02,	0.00,	0.00,	17.75,	-3.00,	-1.25,	1101011
1332,	-0.04,	0.00,	-0.11,	17.75,	-2.94,	-1.25,	1101028
1332,	-0.03,	0.01,	0.00,	17.75,	-2.88,	-1.25,	1101046
1332,	-0.02,	-0.02,	0.02,	17.75,	-2.81,	-1.25,	1101062
1332,	-0.01,	0.00,	-0.08,	17.75,	-2.81,	-1.25,	1101078
1332,	-0.01,	-0.01,	-0.01,	17.75,	-2.81,	-1.25,	1101096
1332,	-0.02,	0.00,	-0.05,	17.75,	-2.81,	-1.25,	1101112
1332,	-0.03,	0.00,	-0.07,	17.75,	-2.88,	-1.25,	1101128
1332,	-0.03,	0.00,	-0.02,	17.75,	-2.88,	-1.25,	1101147
1332,	-0.03,	0.00,	0.01,	17.75,	-2.94,	-1.25,	1101162
1332,	-0.04,	0.00,	-0.11,	17.75,	-2.94,	-1.25,	1101178
1332,	-0.02,	0.00,	-0.03,	17.75,	-2.94,	-1.25,	1101197
1332,	-0.01,	0.02,	0.01,	17.75,	-2.94,	-1.25,	1101212
1332,	-0.02,	0.01,	-0.08,	17.75,	-2.94,	-1.25,	1101229
1332,	-0.02,	0.00,	0.01,	17.75,	-3.00,	-1.25,	1101247
1332,	-0.03,	0.00,	-0.04,	17.75,	-3.00,	-1.25,	1101263
1332,	-0.02,	0.00,	-0.12,	17.75,	-3.00,	-1.25,	1101279
1332,	-0.01,	0.00,	-0.02,	17.75,	-3.00,	-1.25,	1101297
1332,	-0.02,	0.00,	-0.02,	17.75,	-2.88,	-1.25,	1101314
1332,	-0.06,	0.01,	-0.09,	17.75,	-2.88,	-1.25,	1101329
1332,	-0.02,	0.03,	0.01,	17.75,	-2.75,	-1.25,	1101347
1332,	-0.01,	0.00,	0.00,	17.75,	-2.69,	-1.25,	1101364
1332,	-0.01,	0.00,	-0.11,	17.75,	-2.69,	-1.25,	1101379
1332,	-0.02,	0.00,	0.00,	17.75,	-2.69,	-1.25,	1101398
1332,	-0.03,	0.00,	-0.06,	17.75,	-2.75,	-1.25,	1101414
1332,	-0.02,	0.00,	-0.13,	17.75,	-2.81,	-1.25,	1101429
1332,	-0.04,	0.00,	-0.01,	17.75,	-2.88,	-1.25,	1101448
1332,	-0.04,	0.02,	-0.01,	17.75,	-2.94,	-1.25,	1101464
1332,	-0.03,	-0.01,	-0.14,	17.75,	-2.94,	-1.25,	1101479
1332,	-0.01,	-0.01,	-0.02,	17.75,	-2.81,	-1.25,	1101498
1332,	0.00,	0.02,	-0.03,	17.75,	-2.75,	-1.25,	1101514
1332,	-0.01,	0.00,	-0.09,	17.75,	-2.75,	-1.25,	1101531
